time,q1_deg,q2_deg,q1_dot,q2_dot,q1_des_deg,q2_des_deg,q1_dot_des,q2_dot_des,tau1,tau2,err1_deg,err2_deg
0.000000,0.000000,0.000000,0.0000000000,0.0000000000,90.000000,-45.000000,0.0000000000,0.0000000000,5.0000000000,-5.0000000000,90.000000,-45.000000
0.010000,0.130218,-0.238732,0.2272727273,-0.4166666667,90.000000,-45.000000,0.0000000000,0.0000000000,5.0000000000,-5.0000000000,89.869782,-44.761268
0.020000,0.387312,-0.710161,0.4487138431,-0.8227982955,90.000000,-45.000000,0.0000000000,0.0000000000,5.0000000000,-5.0000000000,89.612688,-44.289839
0.030000,0.767941,-1.408335,0.6643232040,-1.2185428327,90.000000,-45.000000,0.0000000000,0.0000000000,5.0000000000,-5.0000000000,89.232059,-43.591665
0.040000,1.268766,-2.327386,0.8741045557,-1.6040473818,90.000000,-45.000000,0.0000000000,0.0000000000,5.0000000000,-4.3887525912,88.731234,-42.672614
0.050000,1.886452,-3.432347,1.0780654796,-1.9285208700,90.000000,-45.000000,0.0000000000,0.0000000000,5.0000000000,-3.0672823670,88.113548,-41.567653
0.060000,2.617668,-4.655170,1.2762131982,-2.1342286066,90.000000,-45.000000,0.0000000000,0.0000000000,5.0000000000,-2.1109971173,87.382332,-40.344830
0.070000,3.459085,-5.946942,1.4685499588,-2.2545672166,90.000000,-45.000000,0.0000000000,0.0000000000,5.0000000000,-1.4207859665,86.540915,-39.053058
0.080000,4.407374,-7.272703,1.6550760352,-2.3138888888,90.000000,-45.000000,0.0000000000,0.0000000000,5.0000000000,-0.9242188925,85.592626,-37.727297
0.090000,5.459205,-8.607657,1.8357919607,-2.3299356217,90.000000,-45.000000,0.0000000000,0.0000000000,5.0000000000,-0.5683730431,84.540795,-36.392343
0.100000,6.611252,-9.934409,2.0107002056,-2.3156189512,90.000000,-45.000000,0.0000000000,0.0000000000,5.0000000000,-0.3145875921,83.388748,-35.065591
0.110000,7.860189,-11.240937,2.1798064546,-2.2803211396,90.000000,-45.000000,0.0000000000,0.0000000000,5.0000000000,-0.1346286223,82.139811,-33.759063
0.120000,9.202698,-12.519118,2.3431205994,-2.2308464782,90.000000,-45.000000,0.0000000000,0.0000000000,5.0000000000,-0.0078849626,80.797302,-32.480882
0.130000,10.635469,-13.763649,2.5006575274,-2.1721167633,90.000000,-45.000000,0.0000000000,0.0000000000,5.0000000000,0.0806821573,79.364531,-31.236351
0.140000,12.155204,-14.971261,2.6524377662,-2.1076797111,90.000000,-45.000000,0.0000000000,0.0000000000,5.0000000000,0.1420382476,77.844796,-30.028739
0.150000,13.758620,-16.140141,2.7984880244,-2.0400805931,90.000000,-45.000000,0.0000000000,0.0000000000,5.0000000000,0.1841716353,76.241380,-28.859859
0.160000,15.442452,-17.269517,2.9388416593,-1.9711338534,90.000000,-45.000000,0.0000000000,0.0000000000,5.0000000000,0.2128947953,74.557548,-27.730483
0.170000,17.203460,-18.359353,3.0735390875,-1.9021215927,90.000000,-45.000000,0.0000000000,0.0000000000,5.0000000000,0.2324301421,72.796540,-26.640647
0.180000,19.038431,-19.410122,3.2026281518,-1.8339385767,90.000000,-45.000000,0.0000000000,0.0000000000,5.0000000000,0.2458382042,70.961569,-25.589878
0.190000,20.944183,-20.422652,3.3261644498,-1.7671981459,90.000000,-45.000000,0.0000000000,0.0000000000,5.0000000000,0.2553305414,69.055817,-24.577348
0.200000,22.917571,-21.398004,3.4442116258,-1.7023095409,90.000000,-45.000000,0.0000000000,0.0000000000,4.5423509060,0.2624983854,67.082429,-23.601996
0.210000,24.943572,-22.337388,3.5360393951,-1.6395343332,90.000000,-45.000000,0.0000000000,0.0000000000,3.4650905221,0.2684796630,65.056428,-22.662612
0.220000,26.991380,-23.242096,3.5740995472,-1.5790145955,90.000000,-45.000000,0.0000000000,0.0000000000,2.6390638735,0.2740364261,63.008620,-21.757904
0.230000,29.037505,-24.113445,3.5711617512,-1.5207897778,90.000000,-45.000000,0.0000000000,0.0000000000,2.0103561794,0.2795971990,60.962495,-20.886555
0.240000,31.064206,-24.952733,3.5372597333,-1.4648349740,90.000000,-45.000000,0.0000000000,0.0000000000,1.5363791131,0.2853748930,58.935794,-20.047267
0.250000,33.058251,-25.761227,3.4802654433,-1.4110868065,90.000000,-45.000000,0.0000000000,0.0000000000,1.1835039255,0.2914472250,56.941749,-19.238773
0.260000,35.009942,-26.540140,3.4063431399,-1.3594606860,90.000000,-45.000000,0.0000000000,0.0000000000,0.9251892164,0.2978109167,54.990058,-18.459860
0.270000,36.912338,-27.290636,3.3203085456,-1.3098621000,90.000000,-45.000000,0.0000000000,0.0000000000,0.7404997310,0.3044176557,53.087662,-17.709364
0.280000,38.760650,-28.013820,3.2259129346,-1.2621937978,90.000000,-45.000000,0.0000000000,0.0000000000,0.6129343353,0.3111974523,51.239350,-16.986180
0.290000,40.551755,-28.710743,3.1260678523,-1.2163601877,90.000000,-45.000000,0.0000000000,0.0000000000,0.5294985172,0.3180733633,49.448245,-16.289257
0.300000,42.283820,-29.382404,3.0230228678,-1.1722698619,90.000000,-45.000000,0.0000000000,0.0000000000,0.4799703265,0.3249703701,47.716180,-15.617596
0.310000,43.956001,-30.029753,2.9185061680,-1.1298368891,90.000000,-45.000000,0.0000000000,0.0000000000,0.4563193754,0.3318203556,46.043999,-14.970247
0.320000,45.568210,-30.653693,2.8138357441,-1.0889813154,90.000000,-45.000000,0.0000000000,0.0000000000,0.4522469760,0.3385645335,44.431790,-14.346307
0.330000,47.120930,-31.255086,2.7100073058,-1.0496291735,90.000000,-45.000000,0.0000000000,0.0000000000,0.4628221651,0.3451542576,42.879070,-13.744914
0.340000,48.615068,-31.834755,2.6077637729,-1.0117122040,90.000000,-45.000000,0.0000000000,0.0000000000,0.4841936434,0.3515508447,41.384932,-13.165245
0.350000,50.051846,-32.393484,2.5076501873,-0.9751674235,90.000000,-45.000000,0.0000000000,0.0000000000,0.5133618211,0.3577248341,39.948154,-12.606516
0.360000,51.432707,-32.932028,2.4100570807,-0.9399366260,90.000000,-45.000000,0.0000000000,0.0000000000,0.5479984578,0.3636549639,38.567293,-12.067972
0.370000,52.759250,-33.451109,2.3152547094,-0.9059658730,90.000000,-45.000000,0.0000000000,0.0000000000,0.5863039925,0.3693270425,37.240750,-11.548891
0.380000,54.033176,-33.951418,2.2234200562,-0.8732050040,90.000000,-45.000000,0.0000000000,0.0000000000,0.6268947180,0.3747328252,35.966824,-11.048582
0.390000,55.256245,-34.433624,2.1346581124,-0.8416071861,90.000000,-45.000000,0.0000000000,0.0000000000,0.6687135880,0.3798689605,34.743755,-10.566376
0.400000,56.430246,-34.898366,2.0490186326,-0.8111285111,90.000000,-45.000000,0.0000000000,0.0000000000,0.7109597371,0.3847360394,33.569754,-10.101634
0.410000,57.556973,-35.346263,1.9665093089,-0.7817276410,90.000000,-45.000000,0.0000000000,0.0000000000,0.7530328150,0.3893377614,32.443027,-9.653737
0.420000,58.638205,-35.777910,1.8871061143,-0.7533655022,90.000000,-45.000000,0.0000000000,0.0000000000,0.7944890487,0.3936802186,31.361795,-9.222090
0.430000,59.675695,-36.193880,1.8107614080,-0.7260050236,90.000000,-45.000000,0.0000000000,0.0000000000,0.8350065852,0.3977712923,30.324305,-8.806120
0.440000,60.671158,-36.594727,1.7374102739,-0.6996109147,90.000000,-45.000000,0.0000000000,0.0000000000,0.8743581797,0.4016201517,29.328842,-8.405273
0.450000,61.626264,-36.980987,1.6669754623,-0.6741494782,90.000000,-45.000000,0.0000000000,0.0000000000,0.9123896921,0.4052368435,28.373736,-8.019013
0.460000,62.542637,-37.353173,1.5993712316,-0.6495884533,90.000000,-45.000000,0.0000000000,0.0000000000,0.9490031781,0.4086319603,27.457363,-7.646827
0.470000,63.421844,-37.711786,1.5345063208,-0.6258968841,90.000000,-45.000000,0.0000000000,0.0000000000,0.9841436118,0.4118163768,26.578156,-7.288214
0.480000,64.265402,-38.057305,1.4722862399,-0.6030450094,90.000000,-45.000000,0.0000000000,0.0000000000,1.0177884770,0.4148010415,25.734598,-6.942695
0.490000,65.074771,-38.390196,1.4126150209,-0.5810041710,90.000000,-45.000000,0.0000000000,0.0000000000,1.0499396244,0.4175968170,24.925229,-6.609804
0.500000,65.851356,-38.710907,1.3553965478,-0.5597467361,90.000000,-45.000000,0.0000000000,0.0000000000,1.0806169168,0.4202143576,24.148644,-6.289093
0.510000,66.596508,-39.019873,1.3005355547,-0.5392460325,90.000000,-45.000000,0.0000000000,0.0000000000,1.1098532838,0.4226640199,23.403492,-5.980127
0.520000,67.311524,-39.317511,1.2479383653,-0.5194762931,90.000000,-45.000000,0.0000000000,0.0000000000,1.1376908875,0.4249557980,22.688476,-5.682489
0.530000,67.997648,-39.604226,1.1975134295,-0.5004126090,90.000000,-45.000000,0.0000000000,0.0000000000,1.1641781618,0.4270992795,22.002352,-5.395774
0.540000,68.656075,-39.880409,1.1491717036,-0.4820308886,90.000000,-45.000000,0.0000000000,0.0000000000,1.1893675396,0.4291036179,21.343925,-5.119591
0.550000,69.287949,-40.146438,1.1028269073,-0.4643078227,90.000000,-45.000000,0.0000000000,0.0000000000,1.2133137185,0.4309775172,20.712051,-4.853562
0.560000,69.894365,-40.402677,1.0583956877,-0.4472208526,90.000000,-45.000000,0.0000000000,0.0000000000,1.2360723489,0.4327292268,20.105635,-4.597323
0.570000,70.476374,-40.649477,1.0157977101,-0.4307481430,90.000000,-45.000000,0.0000000000,0.0000000000,1.2576990532,0.4343665438,19.523626,-4.350523
0.580000,71.034982,-40.887179,0.9749556948,-0.4148685566,90.000000,-45.000000,0.0000000000,0.0000000000,1.2782487019,0.4358968210,18.965018,-4.112821
0.590000,71.571154,-41.116111,0.9357954111,-0.3995616310,90.000000,-45.000000,0.0000000000,0.0000000000,1.2977748895,0.4373269787,18.428846,-3.883889
0.600000,72.085810,-41.336590,0.8982456418,-0.3848075579,90.000000,-45.000000,0.0000000000,0.0000000000,1.3163295667,0.4386635200,17.914190,-3.663410
0.610000,72.579836,-41.548921,0.8622381237,-0.3705871629,90.000000,-45.000000,0.0000000000,0.0000000000,1.3339627912,0.4399125476,17.420164,-3.451079
0.620000,73.054078,-41.753399,0.8277074729,-0.3568818870,90.000000,-45.000000,0.0000000000,0.0000000000,1.3507225702,0.4410797824,16.945922,-3.246601
0.630000,73.509345,-41.950309,0.7945910977,-0.3436737687,90.000000,-45.000000,0.0000000000,0.0000000000,1.3666547732,0.4421705820,16.490655,-3.049691
0.640000,73.946414,-42.139927,0.7628291054,-0.3309454272,90.000000,-45.000000,0.0000000000,0.0000000000,1.3818030974,0.4431899606,16.053586,-2.860073
0.650000,74.366028,-42.322517,0.7323642032,-0.3186800457,90.000000,-45.000000,0.0000000000,0.0000000000,1.3962090715,0.4441426075,15.633972,-2.677483
0.660000,74.768898,-42.498336,0.7031415978,-0.3068613555,90.000000,-45.000000,0.0000000000,0.0000000000,1.4099120895,0.4450329061,15.231102,-2.501664
0.670000,75.155707,-42.667630,0.6751088945,-0.2954736208,90.000000,-45.000000,0.0000000000,0.0000000000,1.4229494646,0.4458649522,14.844293,-2.332370
0.680000,75.527107,-42.830637,0.6482159961,-0.2845016235,90.000000,-45.000000,0.0000000000,0.0000000000,1.4353564977,0.4466425721,14.472893,-2.169363
0.690000,75.883725,-42.987588,0.6224150047,-0.2739306483,90.000000,-45.000000,0.0000000000,0.0000000000,1.4471665556,0.4473693384,14.116275,-2.012412
0.700000,76.226159,-43.138704,0.5976601251,-0.2637464689,90.000000,-45.000000,0.0000000000,0.0000000000,1.4584111551,0.4480485874,13.773841,-1.861296
0.710000,76.554984,-43.284198,0.5739075713,-0.2539353334,90.000000,-45.000000,0.0000000000,0.0000000000,1.4691200506,0.4486834333,13.445016,-1.715802
0.720000,76.870750,-43.424277,0.5511154760,-0.2444839505,90.000000,-45.000000,0.0000000000,0.0000000000,1.4793213223,0.4492767835,13.129250,-1.575723
0.730000,77.173984,-43.559139,0.5292438038,-0.2353794766,90.000000,-45.000000,0.0000000000,0.0000000000,1.4890414642,0.4498313516,12.826016,-1.440861
0.740000,77.465192,-43.688977,0.5082542675,-0.2266095021,90.000000,-45.000000,0.0000000000,0.0000000000,1.4983054704,0.4503496708,12.534808,-1.311023
0.750000,77.744859,-43.813975,0.4881102480,-0.2181620384,90.000000,-45.000000,0.0000000000,0.0000000000,1.5071369190,0.4508341056,12.255141,-1.186025
0.760000,78.013448,-43.934310,0.4687767181,-0.2100255056,90.000000,-45.000000,0.0000000000,0.0000000000,1.5155580533,0.4512868632,11.986552,-1.065690
0.770000,78.271405,-44.050156,0.4502201690,-0.2021887200,90.000000,-45.000000,0.0000000000,0.0000000000,1.5235898587,0.4517100042,11.728595,-0.949844
0.780000,78.519157,-44.161677,0.4324085407,-0.1946408816,90.000000,-45.000000,0.0000000000,0.0000000000,1.5312521372,0.4521054523,11.480843,-0.838323
0.790000,78.757113,-44.269033,0.4153111557,-0.1873715629,90.000000,-45.000000,0.0000000000,0.0000000000,1.5385635772,0.4524750037,11.242887,-0.730967
0.800000,78.985665,-44.372378,0.3988986555,-0.1803706967,90.000000,-45.000000,0.0000000000,0.0000000000,1.5455418203,0.4528203358,11.014335,-0.627622
0.810000,79.205190,-44.471860,0.3831429403,-0.1736285651,90.000000,-45.000000,0.0000000000,0.0000000000,1.5522035240,0.4531430150,10.794810,-0.528140
0.820000,79.416048,-44.567621,0.3680171117,-0.1671357884,90.000000,-45.000000,0.0000000000,0.0000000000,1.5585644209,0.4534445045,10.583952,-0.432379
0.830000,79.618586,-44.659801,0.3534954182,-0.1608833144,90.000000,-45.000000,0.0000000000,0.0000000000,1.5646393745,0.4537261711,10.381414,-0.340199
0.840000,79.813136,-44.748530,0.3395532029,-0.1548624077,90.000000,-45.000000,0.0000000000,0.0000000000,1.5704424316,0.4539892918,10.186864,-0.251470
0.850000,80.000016,-44.833938,0.3261668542,-0.1490646395,90.000000,-45.000000,0.0000000000,0.0000000000,1.5759868713,0.4542350599,9.999984,-0.166062
0.860000,80.179531,-44.916147,0.3133137591,-0.1434818778,90.000000,-45.000000,0.0000000000,0.0000000000,1.5812852515,0.4544645906,9.820469,-0.083853
0.870000,80.351976,-44.995276,0.3009722577,-0.1381062777,90.000000,-45.000000,0.0000000000,0.0000000000,1.5863494516,0.4546789263,9.648024,-0.004724
0.880000,80.517630,-45.071440,0.2891216014,-0.1329302716,90.000000,-45.000000,0.0000000000,0.0000000000,1.5911907137,0.4548790415,9.482370,0.071440
0.890000,80.676764,-45.144748,0.2777419117,-0.1279465604,90.000000,-45.000000,0.0000000000,0.0000000000,1.5958196800,0.4550658474,9.323236,0.144748
0.900000,80.829638,-45.215306,0.2668141421,-0.1231481044,90.000000,-45.000000,0.0000000000,0.0000000000,1.6002464286,0.4552401960,9.170362,0.215306
0.910000,80.976498,-45.283218,0.2563200409,-0.1185281145,90.000000,-45.000000,0.0000000000,0.0000000000,1.6044805069,0.4554028843,9.023502,0.283218
0.920000,81.117585,-45.348581,0.2462421166,-0.1140800441,90.000000,-45.000000,0.0000000000,0.0000000000,1.6085309624,0.4555546577,8.882415,0.348581
0.930000,81.253125,-45.411490,0.2365636044,-0.1097975806,90.000000,-45.000000,0.0000000000,0.0000000000,1.6124063725,0.4556962136,8.746875,0.411490
0.940000,81.383341,-45.472037,0.2272684342,-0.1056746376,90.000000,-45.000000,0.0000000000,0.0000000000,1.6161148709,0.4558282047,8.616659,0.472037
0.950000,81.508441,-45.530310,0.2183412010,-0.1017053473,90.000000,-45.000000,0.0000000000,0.0000000000,1.6196641744,0.4559512418,8.491559,0.530310
0.960000,81.628629,-45.586394,0.2097671353,-0.0978840527,90.000000,-45.000000,0.0000000000,0.0000000000,1.6230616055,0.4560658965,8.371371,0.586394
0.970000,81.744098,-45.640369,0.2015320760,-0.0942053007,90.000000,-45.000000,0.0000000000,0.0000000000,1.6263141162,0.4561727038,8.255902,0.640369
0.980000,81.855036,-45.692316,0.1936224444,-0.0906638348,90.000000,-45.000000,0.0000000000,0.0000000000,1.6294283080,0.4562721650,8.144964,0.692316
0.990000,81.961620,-45.742309,0.1860252187,-0.0872545886,90.000000,-45.000000,0.0000000000,0.0000000000,1.6324104521,0.4563647490,8.038380,0.742309
1.000000,82.064024,-45.790422,0.1787279104,-0.0839726789,90.000000,-45.000000,0.0000000000,0.0000000000,1.6352665079,0.4564508953,7.935976,0.790422
1.010000,82.162411,-45.836725,0.1717185417,-0.0808133995,90.000000,-45.000000,0.0000000000,0.0000000000,1.6380021402,0.4565310154,7.837589,0.836725
1.020000,82.256941,-45.881285,0.1649856235,-0.0777722151,90.000000,-45.000000,0.0000000000,0.0000000000,1.6406227354,0.4566054947,7.743059,0.881285
1.030000,82.347765,-45.924168,0.1585181347,-0.0748447549,90.000000,-45.000000,0.0000000000,0.0000000000,1.6431334172,0.4566746943,7.652235,0.924168
1.040000,82.435030,-45.965436,0.1523055027,-0.0720268075,90.000000,-45.000000,0.0000000000,0.0000000000,1.6455390603,0.4567389526,7.564970,0.965436
1.050000,82.518875,-46.005150,0.1463375842,-0.0693143145,90.000000,-45.000000,0.0000000000,0.0000000000,1.6478443043,0.4567985866,7.481125,1.005150
1.060000,82.599436,-46.043368,0.1406046470,-0.0667033658,90.000000,-45.000000,0.0000000000,0.0000000000,1.6500535662,0.4568538935,7.400564,1.043368
1.070000,82.676841,-46.080147,0.1350973533,-0.0641901939,90.000000,-45.000000,0.0000000000,0.0000000000,1.6521710524,0.4569051517,7.323159,1.080147
1.080000,82.751214,-46.115539,0.1298067427,-0.0617711692,90.000000,-45.000000,0.0000000000,0.0000000000,1.6542007696,0.4569526221,7.248786,1.115539
1.090000,82.822676,-46.149597,0.1247242167,-0.0594427947,90.000000,-45.000000,0.0000000000,0.0000000000,1.6561465355,0.4569965494,7.177324,1.149597
1.100000,82.891340,-46.182371,0.1198415234,-0.0572017015,90.000000,-45.000000,0.0000000000,0.0000000000,1.6580119890,0.4570371629,7.108660,1.182371
1.110000,82.957317,-46.213910,0.1151507435,-0.0550446442,90.000000,-45.000000,0.0000000000,0.0000000000,1.6598005988,0.4570746777,7.042683,1.213910
1.120000,83.020711,-46.244258,0.1106442761,-0.0529684966,90.000000,-45.000000,0.0000000000,0.0000000000,1.6615156727,0.4571092952,6.979289,1.244258
1.130000,83.081625,-46.273462,0.1063148257,-0.0509702473,90.000000,-45.000000,0.0000000000,0.0000000000,1.6631603659,0.4571412046,6.918375,1.273462
1.140000,83.140156,-46.301564,0.1021553897,-0.0490469954,90.000000,-45.000000,0.0000000000,0.0000000000,1.6647376882,0.4571705829,6.859844,1.301564
1.150000,83.196397,-46.328605,0.0981592464,-0.0471959470,90.000000,-45.000000,0.0000000000,0.0000000000,1.6662505122,0.4571975963,6.803603,1.328605
1.160000,83.250438,-46.354626,0.0943199428,-0.0454144110,90.000000,-45.000000,0.0000000000,0.0000000000,1.6677015794,0.4572224007,6.749562,1.354626
1.170000,83.302366,-46.379664,0.0906312847,-0.0436997952,90.000000,-45.000000,0.0000000000,0.0000000000,1.6690935074,0.4572451421,6.697634,1.379664
1.180000,83.352264,-46.403757,0.0870873249,-0.0420496034,90.000000,-45.000000,0.0000000000,0.0000000000,1.6704287955,0.4572659575,6.647736,1.403757
1.190000,83.400210,-46.426939,0.0836823543,-0.0404614312,90.000000,-45.000000,0.0000000000,0.0000000000,1.6717098310,0.4572849754,6.599790,1.426939
1.200000,83.446282,-46.449246,0.0804108910,-0.0389329632,90.000000,-45.000000,0.0000000000,0.0000000000,1.6729388945,0.4573023163,6.553718,1.449246
1.210000,83.490553,-46.470710,0.0772676719,-0.0374619695,90.000000,-45.000000,0.0000000000,0.0000000000,1.6741181649,0.4573180930,6.509447,1.470710
1.220000,83.533094,-46.491363,0.0742476436,-0.0360463026,90.000000,-45.000000,0.0000000000,0.0000000000,1.6752497249,0.4573324115,6.466906,1.491363
1.230000,83.573972,-46.511236,0.0713459537,-0.0346838945,90.000000,-45.000000,0.0000000000,0.0000000000,1.6763355648,0.4573453711,6.426028,1.511236
1.240000,83.613253,-46.530357,0.0685579427,-0.0333727538,90.000000,-45.000000,0.0000000000,0.0000000000,1.6773775879,0.4573570649,6.386747,1.530357
1.250000,83.650999,-46.548755,0.0658791364,-0.0321109630,90.000000,-45.000000,0.0000000000,0.0000000000,1.6783776137,0.4573675802,6.349001,1.548755
1.260000,83.687270,-46.566458,0.0633052381,-0.0308966753,90.000000,-45.000000,0.0000000000,0.0000000000,1.6793373826,0.4573769988,6.312730,1.566458
1.270000,83.722125,-46.583491,0.0608321218,-0.0297281129,90.000000,-45.000000,0.0000000000,0.0000000000,1.6802585592,0.4573853974,6.277875,1.583491
1.280000,83.755617,-46.599879,0.0584558248,-0.0286035636,90.000000,-45.000000,0.0000000000,0.0000000000,1.6811427361,0.4573928480,6.244383,1.599879
1.290000,83.787802,-46.615648,0.0561725418,-0.0275213789,90.000000,-45.000000,0.0000000000,0.0000000000,1.6819914371,0.4573994178,6.212198,1.615648
1.300000,83.818729,-46.630820,0.0539786179,-0.0264799716,90.000000,-45.000000,0.0000000000,0.0000000000,1.6828061204,0.4574051700,6.181271,1.630820
1.310000,83.848449,-46.645417,0.0518705431,-0.0254778134,90.000000,-45.000000,0.0000000000,0.0000000000,1.6835881817,0.4574101638,6.151551,1.645417
1.320000,83.877008,-46.659463,0.0498449461,-0.0245134330,90.000000,-45.000000,0.0000000000,0.0000000000,1.6843389571,0.4574144546,6.122992,1.659463
1.330000,83.904452,-46.672976,0.0478985889,-0.0235854136,90.000000,-45.000000,0.0000000000,0.0000000000,1.6850597256,0.4574180944,6.095548,1.672976
1.340000,83.930824,-46.685978,0.0460283615,-0.0226923913,90.000000,-45.000000,0.0000000000,0.0000000000,1.6857517120,0.4574211316,6.069176,1.685978
1.350000,83.956167,-46.698487,0.0442312767,-0.0218330529,90.000000,-45.000000,0.0000000000,0.0000000000,1.6864160892,0.4574236119,6.043833,1.698487
1.360000,83.980520,-46.710523,0.0425044652,-0.0210061343,90.000000,-45.000000,0.0000000000,0.0000000000,1.6870539805,0.4574255779,6.019480,1.710523
1.370000,84.003923,-46.722103,0.0408451710,-0.0202104183,90.000000,-45.000000,0.0000000000,0.0000000000,1.6876664619,0.4574270694,5.996077,1.722103
1.380000,84.026412,-46.733244,0.0392507467,-0.0194447332,90.000000,-45.000000,0.0000000000,0.0000000000,1.6882545641,0.4574281239,5.973588,1.733244
1.390000,84.048023,-46.743962,0.0377186493,-0.0187079509,90.000000,-45.000000,0.0000000000,0.0000000000,1.6888192748,0.4574287760,5.951977,1.743962
1.400000,84.068790,-46.754275,0.0362464361,-0.0179989856,90.000000,-45.000000,0.0000000000,0.0000000000,1.6893615401,0.4574290587,5.931210,1.754275
1.410000,84.088748,-46.764197,0.0348317603,-0.0173167919,90.000000,-45.000000,0.0000000000,0.0000000000,1.6898822669,0.4574290023,5.911252,1.764197
1.420000,84.107926,-46.773743,0.0334723679,-0.0166603633,90.000000,-45.000000,0.0000000000,0.0000000000,1.6903823243,0.4574286354,5.892074,1.773743
1.430000,84.126356,-46.782926,0.0321660933,-0.0160287313,90.000000,-45.000000,0.0000000000,0.0000000000,1.6908625452,0.4574279846,5.873644,1.782926
1.440000,84.144066,-46.791762,0.0309108564,-0.0154209631,90.000000,-45.000000,0.0000000000,0.0000000000,1.6913237282,0.4574270749,5.855934,1.791762
1.450000,84.161086,-46.800262,0.0297046587,-0.0148361612,90.000000,-45.000000,0.0000000000,0.0000000000,1.6917666387,0.4574259296,5.838914,1.800262
1.460000,84.177441,-46.808441,0.0285455803,-0.0142734614,90.000000,-45.000000,0.0000000000,0.0000000000,1.6921920106,0.4574245702,5.822559,1.808441
1.470000,84.193158,-46.816308,0.0274317768,-0.0137320319,90.000000,-45.000000,0.0000000000,0.0000000000,1.6926005476,0.4574230171,5.806842,1.816308
1.480000,84.208262,-46.823878,0.0263614763,-0.0132110721,90.000000,-45.000000,0.0000000000,0.0000000000,1.6929929244,0.4574212891,5.791738,1.823878
1.490000,84.222777,-46.831160,0.0253329764,-0.0127098113,90.000000,-45.000000,0.0000000000,0.0000000000,1.6933697881,0.4574194039,5.777223,1.831160
1.500000,84.236726,-46.838166,0.0243446417,-0.0122275076,90.000000,-45.000000,0.0000000000,0.0000000000,1.6937317592,0.4574173777,5.763274,1.838166
1.510000,84.250130,-46.844906,0.0233949009,-0.0117634470,90.000000,-45.000000,0.0000000000,0.0000000000,1.6940794330,0.4574152259,5.749870,1.844906
1.520000,84.263011,-46.851390,0.0224822443,-0.0113169423,90.000000,-45.000000,0.0000000000,0.0000000000,1.6944133804,0.4574129627,5.736989,1.851390
1.530000,84.275390,-46.857628,0.0216052217,-0.0108873318,90.000000,-45.000000,0.0000000000,0.0000000000,1.6947341491,0.4574106012,5.724610,1.857628
1.540000,84.287286,-46.863629,0.0207624395,-0.0104739788,90.000000,-45.000000,0.0000000000,0.0000000000,1.6950422643,0.4574081537,5.712714,1.863629
1.550000,84.298718,-46.869402,0.0199525590,-0.0100762706,90.000000,-45.000000,0.0000000000,0.0000000000,1.6953382302,0.4574056315,5.701282,1.869402
1.560000,84.309704,-46.874956,0.0191742938,-0.0096936171,90.000000,-45.000000,0.0000000000,0.0000000000,1.6956225304,0.4574030454,5.690296,1.874956
1.570000,84.320262,-46.880299,0.0184264080,-0.0093254507,90.000000,-45.000000,0.0000000000,0.0000000000,1.6958956287,0.4574004049,5.679738,1.880299
1.580000,84.330408,-46.885440,0.0177077142,-0.0089712250,90.000000,-45.000000,0.0000000000,0.0000000000,1.6961579706,0.4573977193,5.669592,1.885440
1.590000,84.340158,-46.890384,0.0170170714,-0.0086304140,90.000000,-45.000000,0.0000000000,0.0000000000,1.6964099831,0.4573949969,5.659842,1.890384
1.600000,84.349527,-46.895141,0.0163533834,-0.0083025116,90.000000,-45.000000,0.0000000000,0.0000000000,1.6966520764,0.4573922454,5.650473,1.895141
1.610000,84.358532,-46.899718,0.0157155970,-0.0079870306,90.000000,-45.000000,0.0000000000,0.0000000000,1.6968846439,0.4573894720,5.641468,1.899718
1.620000,84.367185,-46.904120,0.0151027000,-0.0076835021,90.000000,-45.000000,0.0000000000,0.0000000000,1.6971080632,0.4573866833,5.632815,1.904120
1.630000,84.375501,-46.908355,0.0145137202,-0.0073914749,90.000000,-45.000000,0.0000000000,0.0000000000,1.6973226968,0.4573838854,5.624499,1.908355
1.640000,84.383492,-46.912429,0.0139477231,-0.0071105148,90.000000,-45.000000,0.0000000000,0.0000000000,1.6975288927,0.4573810838,5.616508,1.912429
1.650000,84.391172,-46.916348,0.0134038110,-0.0068402037,90.000000,-45.000000,0.0000000000,0.0000000000,1.6977269848,0.4573782837,5.608828,1.916348
1.660000,84.398552,-46.920118,0.0128811213,-0.0065801395,90.000000,-45.000000,0.0000000000,0.0000000000,1.6979172935,0.4573754899,5.601448,1.920118
1.670000,84.405645,-46.923745,0.0123788251,-0.0063299349,90.000000,-45.000000,0.0000000000,0.0000000000,1.6981001268,0.4573727065,5.594355,1.923745
1.680000,84.412461,-46.927234,0.0118961260,-0.0060892176,90.000000,-45.000000,0.0000000000,0.0000000000,1.6982757799,0.4573699375,5.587539,1.927234
1.690000,84.419011,-46.930590,0.0114322586,-0.0058576289,90.000000,-45.000000,0.0000000000,0.0000000000,1.6984445365,0.4573671866,5.580989,1.930590
1.700000,84.425306,-46.933819,0.0109864878,-0.0056348238,90.000000,-45.000000,0.0000000000,0.0000000000,1.6986066689,0.4573644568,5.574694,1.933819
1.710000,84.431355,-46.936924,0.0105581068,-0.0054204703,90.000000,-45.000000,0.0000000000,0.0000000000,1.6987624385,0.4573617513,5.568645,1.936924
1.720000,84.437169,-46.939912,0.0101464367,-0.0052142487,90.000000,-45.000000,0.0000000000,0.0000000000,1.6989120963,0.4573590727,5.562831,1.939912
1.730000,84.442756,-46.942786,0.0097508251,-0.0050158517,90.000000,-45.000000,0.0000000000,0.0000000000,1.6990558833,0.4573564232,5.557244,1.942786
1.740000,84.448125,-46.945550,0.0093706452,-0.0048249833,90.000000,-45.000000,0.0000000000,0.0000000000,1.6991940309,0.4573538052,5.551875,1.945550
1.750000,84.453284,-46.948210,0.0090052944,-0.0046413586,90.000000,-45.000000,0.0000000000,0.0000000000,1.6993267614,0.4573512204,5.546716,1.948210
1.760000,84.458243,-46.950768,0.0086541941,-0.0044647037,90.000000,-45.000000,0.0000000000,0.0000000000,1.6994542881,0.4573486707,5.541757,1.950768
1.770000,84.463008,-46.953228,0.0083167879,-0.0042947548,90.000000,-45.000000,0.0000000000,0.0000000000,1.6995768158,0.4573461575,5.536992,1.953228
1.780000,84.467587,-46.955595,0.0079925415,-0.0041312582,90.000000,-45.000000,0.0000000000,0.0000000000,1.6996945414,0.4573436821,5.532413,1.955595
1.790000,84.471988,-46.957872,0.0076809411,-0.0039739695,90.000000,-45.000000,0.0000000000,0.0000000000,1.6998076539,0.4573412456,5.528012,1.957872
1.800000,84.476217,-46.960063,0.0073814933,-0.0038226539,90.000000,-45.000000,0.0000000000,0.0000000000,1.6999163346,0.4573388491,5.523783,1.960063
1.810000,84.480282,-46.962169,0.0070937238,-0.0036770852,90.000000,-45.000000,0.0000000000,0.0000000000,1.7000207580,0.4573364933,5.519718,1.962169
1.820000,84.484188,-46.964196,0.0068171769,-0.0035370457,90.000000,-45.000000,0.0000000000,0.0000000000,1.7001210912,0.4573341790,5.515812,1.964196
1.830000,84.487941,-46.966145,0.0065514146,-0.0034023261,90.000000,-45.000000,0.0000000000,0.0000000000,1.7002174952,0.4573319067,5.512059,1.966145
1.840000,84.491549,-46.968020,0.0062960163,-0.0032727249,90.000000,-45.000000,0.0000000000,0.0000000000,1.7003101243,0.4573296769,5.508451,1.968020
1.850000,84.495015,-46.969824,0.0060505775,-0.0031480481,90.000000,-45.000000,0.0000000000,0.0000000000,1.7003991268,0.4573274899,5.504985,1.969824
1.860000,84.498347,-46.971559,0.0058147096,-0.0030281093,90.000000,-45.000000,0.0000000000,0.0000000000,1.7004846450,0.4573253459,5.501653,1.971559
1.870000,84.501549,-46.973228,0.0055880392,-0.0029127288,90.000000,-45.000000,0.0000000000,0.0000000000,1.7005668159,0.4573232451,5.498451,1.973228
1.880000,84.504626,-46.974833,0.0053702074,-0.0028017340,90.000000,-45.000000,0.0000000000,0.0000000000,1.7006457709,0.4573211876,5.495374,1.974833
1.890000,84.507583,-46.976377,0.0051608696,-0.0026949586,90.000000,-45.000000,0.0000000000,0.0000000000,1.7007216360,0.4573191733,5.492417,1.976377
1.900000,84.510424,-46.977863,0.0049596943,-0.0025922426,90.000000,-45.000000,0.0000000000,0.0000000000,1.7007945327,0.4573172021,5.489576,1.977863
1.910000,84.513155,-46.979291,0.0047663630,-0.0024934322,90.000000,-45.000000,0.0000000000,0.0000000000,1.7008645772,0.4573152739,5.486845,1.979291
1.920000,84.515780,-46.980665,0.0045805699,-0.0023983792,90.000000,-45.000000,0.0000000000,0.0000000000,1.7009318816,0.4573133885,5.484220,1.980665
1.930000,84.518302,-46.981987,0.0044020209,-0.0023069412,90.000000,-45.000000,0.0000000000,0.0000000000,1.7009965532,0.4573115455,5.481698,1.981987
1.940000,84.520726,-46.983259,0.0042304334,-0.0022189811,90.000000,-45.000000,0.0000000000,0.0000000000,1.7010586952,0.4573097447,5.479274,1.983259
1.950000,84.523055,-46.984482,0.0040655358,-0.0021343670,90.000000,-45.000000,0.0000000000,0.0000000000,1.7011184069,0.4573079857,5.476945,1.984482
1.960000,84.525294,-46.985658,0.0039070673,-0.0020529718,90.000000,-45.000000,0.0000000000,0.0000000000,1.7011757835,0.4573062680,5.474706,1.985658
1.970000,84.527445,-46.986789,0.0037547772,-0.0019746735,90.000000,-45.000000,0.0000000000,0.0000000000,1.7012309165,0.4573045913,5.472555,1.986789
1.980000,84.529513,-46.987877,0.0036084243,-0.0018993546,90.000000,-45.000000,0.0000000000,0.0000000000,1.7012838938,0.4573029550,5.470487,1.987877
1.990000,84.531499,-46.988924,0.0034677772,-0.0018269020,90.000000,-45.000000,0.0000000000,0.0000000000,1.7013347999,0.4573013587,5.468501,1.988924
2.000000,84.533409,-46.989931,0.0033326134,-0.0017572069,90.000000,-45.000000,0.0000000000,0.0000000000,1.7013837158,0.4572998018,5.466591,1.989931
2.010000,84.535244,-46.990899,0.0032027190,-0.0016901647,90.000000,-45.000000,0.0000000000,0.0000000000,1.7014307196,0.4572982837,5.464756,1.990899
2.020000,84.537007,-46.991831,0.0030778885,-0.0016256745,90.000000,-45.000000,0.0000000000,0.0000000000,1.7014758861,0.4572968038,5.462993,1.991831
2.030000,84.538702,-46.992727,0.0029579244,-0.0015636396,90.000000,-45.000000,0.0000000000,0.0000000000,1.7015192872,0.4572953617,5.461298,1.992727
2.040000,84.540331,-46.993588,0.0028426370,-0.0015039666,90.000000,-45.000000,0.0000000000,0.0000000000,1.7015609921,0.4572939566,5.459669,1.993588
2.050000,84.541896,-46.994417,0.0027318439,-0.0014465659,90.000000,-45.000000,0.0000000000,0.0000000000,1.7016010672,0.4572925879,5.458104,1.994417
2.060000,84.543400,-46.995214,0.0026253698,-0.0013913512,90.000000,-45.000000,0.0000000000,0.0000000000,1.7016395762,0.4572912550,5.456600,1.995214
2.070000,84.544846,-46.995981,0.0025230464,-0.0013382394,90.000000,-45.000000,0.0000000000,0.0000000000,1.7016765804,0.4572899573,5.455154,1.995981
2.080000,84.546235,-46.996719,0.0024247117,-0.0012871507,90.000000,-45.000000,0.0000000000,0.0000000000,1.7017121388,0.4572886940,5.453765,1.996719
2.090000,84.547570,-46.997428,0.0023302103,-0.0012380081,90.000000,-45.000000,0.0000000000,0.0000000000,1.7017463078,0.4572874646,5.452430,1.997428
2.100000,84.548853,-46.998110,0.0022393926,-0.0011907378,90.000000,-45.000000,0.0000000000,0.0000000000,1.7017791419,0.4572862684,5.451147,1.998110
2.110000,84.550086,-46.998766,0.0021521151,-0.0011452685,90.000000,-45.000000,0.0000000000,0.0000000000,1.7018106933,0.4572851047,5.449914,1.998766
2.120000,84.551271,-46.999398,0.0020682397,-0.0011015318,90.000000,-45.000000,0.0000000000,0.0000000000,1.7018410121,0.4572839728,5.448729,1.999398
2.130000,84.552410,-47.000005,0.0019876337,-0.0010594619,90.000000,-45.000000,0.0000000000,0.0000000000,1.7018701465,0.4572828721,5.447590,2.000005
2.140000,84.553505,-47.000588,0.0019101698,-0.0010189954,90.000000,-45.000000,0.0000000000,0.0000000000,1.7018981430,0.4572818019,5.446495,2.000588
2.150000,84.554557,-47.001150,0.0018357253,-0.0009800712,90.000000,-45.000000,0.0000000000,0.0000000000,1.7019250459,0.4572807615,5.445443,2.001150
2.160000,84.555567,-47.001690,0.0017641826,-0.0009426309,90.000000,-45.000000,0.0000000000,0.0000000000,1.7019508980,0.4572797504,5.444433,2.001690
2.170000,84.556539,-47.002210,0.0016954285,-0.0009066179,90.000000,-45.000000,0.0000000000,0.0000000000,1.7019757404,0.4572787677,5.443461,2.002210
2.180000,84.557472,-47.002709,0.0016293543,-0.0008719779,90.000000,-45.000000,0.0000000000,0.0000000000,1.7019996127,0.4572778130,5.442528,2.002709
2.190000,84.558369,-47.003190,0.0015658556,-0.0008386588,90.000000,-45.000000,0.0000000000,0.0000000000,1.7020225526,0.4572768855,5.441631,2.003190
2.200000,84.559232,-47.003652,0.0015048319,-0.0008066102,90.000000,-45.000000,0.0000000000,0.0000000000,1.7020445968,0.4572759846,5.440768,2.003652
2.210000,84.560060,-47.004096,0.0014461867,-0.0007757839,90.000000,-45.000000,0.0000000000,0.0000000000,1.7020657801,0.4572751097,5.439940,2.004096
2.220000,84.560857,-47.004524,0.0013898273,-0.0007461333,90.000000,-45.000000,0.0000000000,0.0000000000,1.7020861362,0.4572742602,5.439143,2.004524
2.230000,84.561622,-47.004935,0.0013356646,-0.0007176138,90.000000,-45.000000,0.0000000000,0.0000000000,1.7021056975,0.4572734353,5.438378,2.004935
2.240000,84.562357,-47.005330,0.0012836130,-0.0006901821,90.000000,-45.000000,0.0000000000,0.0000000000,1.7021244950,0.4572726346,5.437643,2.005330
2.250000,84.563064,-47.005711,0.0012335901,-0.0006637971,90.000000,-45.000000,0.0000000000,0.0000000000,1.7021425585,0.4572718575,5.436936,2.005711
2.260000,84.563743,-47.006077,0.0011855169,-0.0006384187,90.000000,-45.000000,0.0000000000,0.0000000000,1.7021599168,0.4572711032,5.436257,2.006077
2.270000,84.564396,-47.006428,0.0011393174,-0.0006140087,90.000000,-45.000000,0.0000000000,0.0000000000,1.7021765974,0.4572703713,5.435604,2.006428
2.280000,84.565023,-47.006767,0.0010949185,-0.0005905302,90.000000,-45.000000,0.0000000000,0.0000000000,1.7021926268,0.4572696612,5.434977,2.006767
2.290000,84.565626,-47.007092,0.0010522500,-0.0005679477,90.000000,-45.000000,0.0000000000,0.0000000000,1.7022080304,0.4572689724,5.434374,2.007092
2.300000,84.566206,-47.007405,0.0010112446,-0.0005462272,90.000000,-45.000000,0.0000000000,0.0000000000,1.7022228326,0.4572683041,5.433794,2.007405
2.310000,84.566763,-47.007706,0.0009718373,-0.0005253358,90.000000,-45.000000,0.0000000000,0.0000000000,1.7022370570,0.4572676560,5.433237,2.007706
2.320000,84.567298,-47.007996,0.0009339658,-0.0005052418,90.000000,-45.000000,0.0000000000,0.0000000000,1.7022507262,0.4572670275,5.432702,2.007996
2.330000,84.567812,-47.008274,0.0008975703,-0.0004859150,90.000000,-45.000000,0.0000000000,0.0000000000,1.7022638617,0.4572664181,5.432188,2.008274
2.340000,84.568306,-47.008542,0.0008625933,-0.0004673262,90.000000,-45.000000,0.0000000000,0.0000000000,1.7022764845,0.4572658272,5.431694,2.008542
2.350000,84.568781,-47.008799,0.0008289795,-0.0004494471,90.000000,-45.000000,0.0000000000,0.0000000000,1.7022886147,0.4572652544,5.431219,2.008799
2.360000,84.569238,-47.009047,0.0007966757,-0.0004322508,90.000000,-45.000000,0.0000000000,0.0000000000,1.7023002713,0.4572646991,5.430762,2.009047
2.370000,84.569676,-47.009285,0.0007656308,-0.0004157112,90.000000,-45.000000,0.0000000000,0.0000000000,1.7023114730,0.4572641609,5.430324,2.009285
2.380000,84.570098,-47.009514,0.0007357959,-0.0003998033,90.000000,-45.000000,0.0000000000,0.0000000000,1.7023222374,0.4572636393,5.429902,2.009514
2.390000,84.570503,-47.009734,0.0007071237,-0.0003845030,90.000000,-45.000000,0.0000000000,0.0000000000,1.7023325818,0.4572631338,5.429497,2.009734
2.400000,84.570892,-47.009946,0.0006795689,-0.0003697872,90.000000,-45.000000,0.0000000000,0.0000000000,1.7023425224,0.4572626441,5.429108,2.009946
2.410000,84.571267,-47.010150,0.0006530880,-0.0003556336,90.000000,-45.000000,0.0000000000,0.0000000000,1.7023520750,0.4572621696,5.428733,2.010150
2.420000,84.571626,-47.010346,0.0006276390,-0.0003420208,90.000000,-45.000000,0.0000000000,0.0000000000,1.7023612548,0.4572617099,5.428374,2.010346
2.430000,84.571972,-47.010534,0.0006031819,-0.0003289281,90.000000,-45.000000,0.0000000000,0.0000000000,1.7023700764,0.4572612646,5.428028,2.010534
2.440000,84.572304,-47.010716,0.0005796779,-0.0003163357,90.000000,-45.000000,0.0000000000,0.0000000000,1.7023785537,0.4572608333,5.427696,2.010716
2.450000,84.572623,-47.010890,0.0005570898,-0.0003042245,90.000000,-45.000000,0.0000000000,0.0000000000,1.7023867001,0.4572604155,5.427377,2.010890
2.460000,84.572930,-47.011058,0.0005353821,-0.0002925762,90.000000,-45.000000,0.0000000000,0.0000000000,1.7023945287,0.4572600110,5.427070,2.011058
2.470000,84.573225,-47.011219,0.0005145202,-0.0002813731,90.000000,-45.000000,0.0000000000,0.0000000000,1.7024020518,0.4572596192,5.426775,2.011219
2.480000,84.573508,-47.011374,0.0004944714,-0.0002705982,90.000000,-45.000000,0.0000000000,0.0000000000,1.7024092813,0.4572592399,5.426492,2.011374
2.490000,84.573780,-47.011523,0.0004752039,-0.0002602352,90.000000,-45.000000,0.0000000000,0.0000000000,1.7024162286,0.4572588727,5.426220,2.011523
2.500000,84.574042,-47.011666,0.0004566872,-0.0002502684,90.000000,-45.000000,0.0000000000,0.0000000000,1.7024229049,0.4572585171,5.425958,2.011666
2.510000,84.574293,-47.011804,0.0004388922,-0.0002406827,90.000000,-45.000000,0.0000000000,0.0000000000,1.7024293207,0.4572581730,5.425707,2.011804
2.520000,84.574535,-47.011937,0.0004217905,-0.0002314635,90.000000,-45.000000,0.0000000000,0.0000000000,1.7024354861,0.4572578398,5.425465,2.011937
2.530000,84.574767,-47.012064,0.0004053554,-0.0002225968,90.000000,-45.000000,0.0000000000,0.0000000000,1.7024414110,0.4572575174,5.425233,2.012064
2.540000,84.574991,-47.012187,0.0003895607,-0.0002140692,90.000000,-45.000000,0.0000000000,0.0000000000,1.7024471047,0.4572572053,5.425009,2.012187
2.550000,84.575205,-47.012305,0.0003743815,-0.0002058678,90.000000,-45.000000,0.0000000000,0.0000000000,1.7024525762,0.4572569034,5.424795,2.012305
2.560000,84.575411,-47.012419,0.0003597938,-0.0001979800,90.000000,-45.000000,0.0000000000,0.0000000000,1.7024578342,0.4572566111,5.424589,2.012419
2.570000,84.575609,-47.012528,0.0003457746,-0.0001903939,90.000000,-45.000000,0.0000000000,0.0000000000,1.7024628871,0.4572563284,5.424391,2.012528
2.580000,84.575800,-47.012633,0.0003323016,-0.0001830981,90.000000,-45.000000,0.0000000000,0.0000000000,1.7024677428,0.4572560548,5.424200,2.012633
2.590000,84.575983,-47.012733,0.0003193537,-0.0001760813,90.000000,-45.000000,0.0000000000,0.0000000000,1.7024724091,0.4572557901,5.424017,2.012733
2.600000,84.576158,-47.012830,0.0003069104,-0.0001693330,90.000000,-45.000000,0.0000000000,0.0000000000,1.7024768933,0.4572555340,5.423842,2.012830
2.610000,84.576327,-47.012924,0.0002949519,-0.0001628430,90.000000,-45.000000,0.0000000000,0.0000000000,1.7024812025,0.4572552864,5.423673,2.012924
2.620000,84.576490,-47.013013,0.0002834594,-0.0001566012,90.000000,-45.000000,0.0000000000,0.0000000000,1.7024853437,0.4572550468,5.423510,2.013013
2.630000,84.576646,-47.013100,0.0002724148,-0.0001505983,90.000000,-45.000000,0.0000000000,0.0000000000,1.7024893233,0.4572548150,5.423354,2.013100
2.640000,84.576796,-47.013183,0.0002618006,-0.0001448252,90.000000,-45.000000,0.0000000000,0.0000000000,1.7024931476,0.4572545909,5.423204,2.013183
2.650000,84.576940,-47.013263,0.0002515999,-0.0001392730,90.000000,-45.000000,0.0000000000,0.0000000000,1.7024968227,0.4572543742,5.423060,2.013263
2.660000,84.577079,-47.013339,0.0002417968,-0.0001339333,90.000000,-45.000000,0.0000000000,0.0000000000,1.7025003544,0.4572541646,5.422921,2.013339
2.670000,84.577212,-47.013413,0.0002323756,-0.0001287980,90.000000,-45.000000,0.0000000000,0.0000000000,1.7025037484,0.4572539619,5.422788,2.013413
2.680000,84.577340,-47.013484,0.0002233215,-0.0001238594,90.000000,-45.000000,0.0000000000,0.0000000000,1.7025070100,0.4572537659,5.422660,2.013484
2.690000,84.577463,-47.013552,0.0002146203,-0.0001191097,90.000000,-45.000000,0.0000000000,0.0000000000,1.7025101443,0.4572535765,5.422537,2.013552
2.700000,84.577581,-47.013618,0.0002062581,-0.0001145420,90.000000,-45.000000,0.0000000000,0.0000000000,1.7025131563,0.4572533933,5.422419,2.013618
2.710000,84.577694,-47.013681,0.0001982218,-0.0001101491,90.000000,-45.000000,0.0000000000,0.0000000000,1.7025160509,0.4572532162,5.422306,2.013681
2.720000,84.577804,-47.013742,0.0001904986,-0.0001059244,90.000000,-45.000000,0.0000000000,0.0000000000,1.7025188325,0.4572530450,5.422196,2.013742
2.730000,84.577909,-47.013800,0.0001830763,-0.0001018616,90.000000,-45.000000,0.0000000000,0.0000000000,1.7025215056,0.4572528795,5.422091,2.013800
2.740000,84.578009,-47.013856,0.0001759433,-0.0000979543,90.000000,-45.000000,0.0000000000,0.0000000000,1.7025240745,0.4572527195,5.421991,2.013856
2.750000,84.578106,-47.013910,0.0001690881,-0.0000941966,90.000000,-45.000000,0.0000000000,0.0000000000,1.7025265431,0.4572525649,5.421894,2.013910
2.760000,84.578199,-47.013962,0.0001625002,-0.0000905829,90.000000,-45.000000,0.0000000000,0.0000000000,1.7025289155,0.4572524155,5.421801,2.013962
2.770000,84.578289,-47.014012,0.0001561689,-0.0000871077,90.000000,-45.000000,0.0000000000,0.0000000000,1.7025311953,0.4572522711,5.421711,2.014012
2.780000,84.578375,-47.014060,0.0001500843,-0.0000837655,90.000000,-45.000000,0.0000000000,0.0000000000,1.7025333861,0.4572521315,5.421625,2.014060
2.790000,84.578457,-47.014106,0.0001442368,-0.0000805514,90.000000,-45.000000,0.0000000000,0.0000000000,1.7025354916,0.4572519966,5.421543,2.014106
2.800000,84.578537,-47.014150,0.0001386171,-0.0000774605,90.000000,-45.000000,0.0000000000,0.0000000000,1.7025375148,0.4572518663,5.421463,2.014150
2.810000,84.578613,-47.014193,0.0001332164,-0.0000744879,90.000000,-45.000000,0.0000000000,0.0000000000,1.7025394592,0.4572517404,5.421387,2.014193
2.820000,84.578687,-47.014234,0.0001280262,-0.0000716293,90.000000,-45.000000,0.0000000000,0.0000000000,1.7025413277,0.4572516187,5.421313,2.014234
2.830000,84.578757,-47.014274,0.0001230381,-0.0000688802,90.000000,-45.000000,0.0000000000,0.0000000000,1.7025431234,0.4572515012,5.421243,2.014274
2.840000,84.578825,-47.014312,0.0001182445,-0.0000662365,90.000000,-45.000000,0.0000000000,0.0000000000,1.7025448490,0.4572513876,5.421175,2.014312
2.850000,84.578890,-47.014348,0.0001136376,-0.0000636941,90.000000,-45.000000,0.0000000000,0.0000000000,1.7025465073,0.4572512779,5.421110,2.014348
2.860000,84.578952,-47.014383,0.0001092102,-0.0000612491,90.000000,-45.000000,0.0000000000,0.0000000000,1.7025481009,0.4572511719,5.421048,2.014383
2.870000,84.579013,-47.014417,0.0001049553,-0.0000588979,90.000000,-45.000000,0.0000000000,0.0000000000,1.7025496323,0.4572510695,5.420987,2.014417
2.880000,84.579070,-47.014449,0.0001008662,-0.0000566367,90.000000,-45.000000,0.0000000000,0.0000000000,1.7025511041,0.4572509706,5.420930,2.014449
2.890000,84.579126,-47.014481,0.0000969365,-0.0000544623,90.000000,-45.000000,0.0000000000,0.0000000000,1.7025525184,0.4572508751,5.420874,2.014481
2.900000,84.579179,-47.014511,0.0000931598,-0.0000523712,90.000000,-45.000000,0.0000000000,0.0000000000,1.7025538775,0.4572507828,5.420821,2.014511
2.910000,84.579231,-47.014539,0.0000895303,-0.0000503604,90.000000,-45.000000,0.0000000000,0.0000000000,1.7025551837,0.4572506937,5.420769,2.014539
2.920000,84.579280,-47.014567,0.0000860422,-0.0000484266,90.000000,-45.000000,0.0000000000,0.0000000000,1.7025564389,0.4572506076,5.420720,2.014567
2.930000,84.579327,-47.014594,0.0000826900,-0.0000465669,90.000000,-45.000000,0.0000000000,0.0000000000,1.7025576451,0.4572505245,5.420673,2.014594
2.940000,84.579373,-47.014620,0.0000794685,-0.0000447786,90.000000,-45.000000,0.0000000000,0.0000000000,1.7025588043,0.4572504443,5.420627,2.014620
2.950000,84.579417,-47.014644,0.0000763724,-0.0000430588,90.000000,-45.000000,0.0000000000,0.0000000000,1.7025599183,0.4572503668,5.420583,2.014644
2.960000,84.579459,-47.014668,0.0000733970,-0.0000414051,90.000000,-45.000000,0.0000000000,0.0000000000,1.7025609889,0.4572502919,5.420541,2.014668
2.970000,84.579499,-47.014691,0.0000705375,-0.0000398147,90.000000,-45.000000,0.0000000000,0.0000000000,1.7025620177,0.4572502196,5.420501,2.014691
2.980000,84.579538,-47.014713,0.0000677894,-0.0000382853,90.000000,-45.000000,0.0000000000,0.0000000000,1.7025630063,0.4572501499,5.420462,2.014713
2.990000,84.579575,-47.014734,0.0000651484,-0.0000368147,90.000000,-45.000000,0.0000000000,0.0000000000,1.7025639564,0.4572500825,5.420425,2.014734
3.000000,84.579611,-47.014754,0.0000626103,-0.0000354004,90.000000,-45.000000,0.0000000000,0.0000000000,1.7025648695,0.4572500175,5.420389,2.014754
3.010000,84.579646,-47.014774,0.0000601711,-0.0000340404,90.000000,-45.000000,0.0000000000,0.0000000000,1.7025657470,0.4572499547,5.420354,2.014774
3.020000,84.579679,-47.014792,0.0000578269,-0.0000327325,90.000000,-45.000000,0.0000000000,0.0000000000,1.7025665902,0.4572498940,5.420321,2.014792
3.030000,84.579711,-47.014810,0.0000555741,-0.0000314749,90.000000,-45.000000,0.0000000000,0.0000000000,1.7025674005,0.4572498355,5.420289,2.014810
3.040000,84.579741,-47.014828,0.0000534090,-0.0000302655,90.000000,-45.000000,0.0000000000,0.0000000000,1.7025681793,0.4572497790,5.420259,2.014828
3.050000,84.579771,-47.014844,0.0000513283,-0.0000291025,90.000000,-45.000000,0.0000000000,0.0000000000,1.7025689276,0.4572497245,5.420229,2.014844
3.060000,84.579799,-47.014860,0.0000493286,-0.0000279841,90.000000,-45.000000,0.0000000000,0.0000000000,1.7025696468,0.4572496718,5.420201,2.014860
3.070000,84.579826,-47.014876,0.0000474069,-0.0000269087,90.000000,-45.000000,0.0000000000,0.0000000000,1.7025703380,0.4572496210,5.420174,2.014876
3.080000,84.579852,-47.014891,0.0000455600,-0.0000258745,90.000000,-45.000000,0.0000000000,0.0000000000,1.7025710021,0.4572495720,5.420148,2.014891
3.090000,84.579877,-47.014905,0.0000437851,-0.0000248801,90.000000,-45.000000,0.0000000000,0.0000000000,1.7025716404,0.4572495246,5.420123,2.014905
3.100000,84.579901,-47.014919,0.0000420793,-0.0000239238,90.000000,-45.000000,0.0000000000,0.0000000000,1.7025722538,0.4572494789,5.420099,2.014919
3.110000,84.579924,-47.014932,0.0000404400,-0.0000230042,90.000000,-45.000000,0.0000000000,0.0000000000,1.7025728433,0.4572494349,5.420076,2.014932
3.120000,84.579947,-47.014944,0.0000388646,-0.0000221199,90.000000,-45.000000,0.0000000000,0.0000000000,1.7025734098,0.4572493923,5.420053,2.014944
3.130000,84.579968,-47.014957,0.0000373505,-0.0000212696,90.000000,-45.000000,0.0000000000,0.0000000000,1.7025739542,0.4572493512,5.420032,2.014957
3.140000,84.579989,-47.014968,0.0000358955,-0.0000204519,90.000000,-45.000000,0.0000000000,0.0000000000,1.7025744773,0.4572493116,5.420011,2.014968
3.150000,84.580008,-47.014980,0.0000344971,-0.0000196656,90.000000,-45.000000,0.0000000000,0.0000000000,1.7025749801,0.4572492734,5.419992,2.014980
3.160000,84.580027,-47.014990,0.0000331532,-0.0000189095,90.000000,-45.000000,0.0000000000,0.0000000000,1.7025754633,0.4572492365,5.419973,2.014990
3.170000,84.580046,-47.015001,0.0000318616,-0.0000181824,90.000000,-45.000000,0.0000000000,0.0000000000,1.7025759276,0.4572492008,5.419954,2.015001
3.180000,84.580063,-47.015011,0.0000306204,-0.0000174833,90.000000,-45.000000,0.0000000000,0.0000000000,1.7025763738,0.4572491665,5.419937,2.015011
3.190000,84.580080,-47.015021,0.0000294275,-0.0000168110,90.000000,-45.000000,0.0000000000,0.0000000000,1.7025768026,0.4572491333,5.419920,2.015021
3.200000,84.580096,-47.015030,0.0000282811,-0.0000161645,90.000000,-45.000000,0.0000000000,0.0000000000,1.7025772147,0.4572491014,5.419904,2.015030
3.210000,84.580112,-47.015039,0.0000271794,-0.0000155429,90.000000,-45.000000,0.0000000000,0.0000000000,1.7025776107,0.4572490705,5.419888,2.015039
3.220000,84.580127,-47.015047,0.0000261206,-0.0000149451,90.000000,-45.000000,0.0000000000,0.0000000000,1.7025779913,0.4572490407,5.419873,2.015047
3.230000,84.580141,-47.015055,0.0000251030,-0.0000143703,90.000000,-45.000000,0.0000000000,0.0000000000,1.7025783570,0.4572490120,5.419859,2.015055
3.240000,84.580155,-47.015063,0.0000241251,-0.0000138176,90.000000,-45.000000,0.0000000000,0.0000000000,1.7025787085,0.4572489843,5.419845,2.015063
3.250000,84.580168,-47.015071,0.0000231853,-0.0000132861,90.000000,-45.000000,0.0000000000,0.0000000000,1.7025790463,0.4572489576,5.419832,2.015071
3.260000,84.580181,-47.015078,0.0000222821,-0.0000127750,90.000000,-45.000000,0.0000000000,0.0000000000,1.7025793709,0.4572489318,5.419819,2.015078
3.270000,84.580193,-47.015085,0.0000214141,-0.0000122836,90.000000,-45.000000,0.0000000000,0.0000000000,1.7025796828,0.4572489069,5.419807,2.015085
3.280000,84.580205,-47.015092,0.0000205799,-0.0000118110,90.000000,-45.000000,0.0000000000,0.0000000000,1.7025799826,0.4572488829,5.419795,2.015092
3.290000,84.580216,-47.015099,0.0000197782,-0.0000113566,90.000000,-45.000000,0.0000000000,0.0000000000,1.7025802707,0.4572488597,5.419784,2.015099
3.300000,84.580227,-47.015105,0.0000190077,-0.0000109197,90.000000,-45.000000,0.0000000000,0.0000000000,1.7025805476,0.4572488374,5.419773,2.015105
3.310000,84.580238,-47.015111,0.0000182673,-0.0000104995,90.000000,-45.000000,0.0000000000,0.0000000000,1.7025808136,0.4572488159,5.419762,2.015111
3.320000,84.580248,-47.015117,0.0000175557,-0.0000100955,90.000000,-45.000000,0.0000000000,0.0000000000,1.7025810693,0.4572487951,5.419752,2.015117
3.330000,84.580258,-47.015122,0.0000168718,-0.0000097071,90.000000,-45.000000,0.0000000000,0.0000000000,1.7025813150,0.4572487751,5.419742,2.015122
3.340000,84.580267,-47.015128,0.0000162145,-0.0000093335,90.000000,-45.000000,0.0000000000,0.0000000000,1.7025815512,0.4572487557,5.419733,2.015128
3.350000,84.580276,-47.015133,0.0000155829,-0.0000089743,90.000000,-45.000000,0.0000000000,0.0000000000,1.7025817781,0.4572487371,5.419724,2.015133
3.360000,84.580284,-47.015138,0.0000149759,-0.0000086290,90.000000,-45.000000,0.0000000000,0.0000000000,1.7025819962,0.4572487191,5.419716,2.015138
3.370000,84.580293,-47.015142,0.0000143925,-0.0000082969,90.000000,-45.000000,0.0000000000,0.0000000000,1.7025822058,0.4572487018,5.419707,2.015142
3.380000,84.580301,-47.015147,0.0000138318,-0.0000079775,90.000000,-45.000000,0.0000000000,0.0000000000,1.7025824072,0.4572486851,5.419699,2.015147
3.390000,84.580308,-47.015151,0.0000132930,-0.0000076705,90.000000,-45.000000,0.0000000000,0.0000000000,1.7025826007,0.4572486690,5.419692,2.015151
3.400000,84.580315,-47.015156,0.0000127752,-0.0000073752,90.000000,-45.000000,0.0000000000,0.0000000000,1.7025827867,0.4572486534,5.419685,2.015156
3.410000,84.580323,-47.015160,0.0000122775,-0.0000070913,90.000000,-45.000000,0.0000000000,0.0000000000,1.7025829655,0.4572486384,5.419677,2.015160
3.420000,84.580329,-47.015164,0.0000117993,-0.0000068183,90.000000,-45.000000,0.0000000000,0.0000000000,1.7025831373,0.4572486240,5.419671,2.015164
3.430000,84.580336,-47.015167,0.0000113397,-0.0000065559,90.000000,-45.000000,0.0000000000,0.0000000000,1.7025833024,0.4572486100,5.419664,2.015167
3.440000,84.580342,-47.015171,0.0000108979,-0.0000063035,90.000000,-45.000000,0.0000000000,0.0000000000,1.7025834610,0.4572485966,5.419658,2.015171
3.450000,84.580348,-47.015174,0.0000104734,-0.0000060608,90.000000,-45.000000,0.0000000000,0.0000000000,1.7025836135,0.4572485836,5.419652,2.015174
3.460000,84.580354,-47.015178,0.0000100654,-0.0000058274,90.000000,-45.000000,0.0000000000,0.0000000000,1.7025837600,0.4572485711,5.419646,2.015178
3.470000,84.580359,-47.015181,0.0000096733,-0.0000056031,90.000000,-45.000000,0.0000000000,0.0000000000,1.7025839008,0.4572485591,5.419641,2.015181
3.480000,84.580365,-47.015184,0.0000092965,-0.0000053873,90.000000,-45.000000,0.0000000000,0.0000000000,1.7025840361,0.4572485475,5.419635,2.015184
3.490000,84.580370,-47.015187,0.0000089344,-0.0000051799,90.000000,-45.000000,0.0000000000,0.0000000000,1.7025841662,0.4572485363,5.419630,2.015187
3.500000,84.580375,-47.015190,0.0000085864,-0.0000049804,90.000000,-45.000000,0.0000000000,0.0000000000,1.7025842912,0.4572485255,5.419625,2.015190
3.510000,84.580379,-47.015193,0.0000082519,-0.0000047886,90.000000,-45.000000,0.0000000000,0.0000000000,1.7025844113,0.4572485151,5.419621,2.015193
3.520000,84.580384,-47.015195,0.0000079305,-0.0000046042,90.000000,-45.000000,0.0000000000,0.0000000000,1.7025845267,0.4572485050,5.419616,2.015195
3.530000,84.580388,-47.015198,0.0000076216,-0.0000044268,90.000000,-45.000000,0.0000000000,0.0000000000,1.7025846376,0.4572484953,5.419612,2.015198
3.540000,84.580393,-47.015200,0.0000073247,-0.0000042563,90.000000,-45.000000,0.0000000000,0.0000000000,1.7025847442,0.4572484860,5.419607,2.015200
3.550000,84.580397,-47.015203,0.0000070394,-0.0000040924,90.000000,-45.000000,0.0000000000,0.0000000000,1.7025848466,0.4572484770,5.419603,2.015203
3.560000,84.580400,-47.015205,0.0000067652,-0.0000039348,90.000000,-45.000000,0.0000000000,0.0000000000,1.7025849451,0.4572484684,5.419600,2.015205
3.570000,84.580404,-47.015207,0.0000065016,-0.0000037832,90.000000,-45.000000,0.0000000000,0.0000000000,1.7025850397,0.4572484600,5.419596,2.015207
3.580000,84.580408,-47.015209,0.0000062484,-0.0000036375,90.000000,-45.000000,0.0000000000,0.0000000000,1.7025851306,0.4572484519,5.419592,2.015209
3.590000,84.580411,-47.015211,0.0000060050,-0.0000034973,90.000000,-45.000000,0.0000000000,0.0000000000,1.7025852180,0.4572484442,5.419589,2.015211
3.600000,84.580414,-47.015213,0.0000057711,-0.0000033626,90.000000,-45.000000,0.0000000000,0.0000000000,1.7025853019,0.4572484367,5.419586,2.015213
3.610000,84.580418,-47.015215,0.0000055463,-0.0000032331,90.000000,-45.000000,0.0000000000,0.0000000000,1.7025853826,0.4572484295,5.419582,2.015215
3.620000,84.580421,-47.015217,0.0000053302,-0.0000031085,90.000000,-45.000000,0.0000000000,0.0000000000,1.7025854602,0.4572484225,5.419579,2.015217
3.630000,84.580424,-47.015218,0.0000051226,-0.0000029887,90.000000,-45.000000,0.0000000000,0.0000000000,1.7025855347,0.4572484158,5.419576,2.015218
3.640000,84.580426,-47.015220,0.0000049231,-0.0000028736,90.000000,-45.000000,0.0000000000,0.0000000000,1.7025856063,0.4572484094,5.419574,2.015220
3.650000,84.580429,-47.015222,0.0000047313,-0.0000027628,90.000000,-45.000000,0.0000000000,0.0000000000,1.7025856752,0.4572484031,5.419571,2.015222
3.660000,84.580432,-47.015223,0.0000045470,-0.0000026564,90.000000,-45.000000,0.0000000000,0.0000000000,1.7025857413,0.4572483971,5.419568,2.015223
3.670000,84.580434,-47.015225,0.0000043699,-0.0000025540,90.000000,-45.000000,0.0000000000,0.0000000000,1.7025858049,0.4572483913,5.419566,2.015225
3.680000,84.580437,-47.015226,0.0000041997,-0.0000024556,90.000000,-45.000000,0.0000000000,0.0000000000,1.7025858660,0.4572483858,5.419563,2.015226
3.690000,84.580439,-47.015227,0.0000040361,-0.0000023610,90.000000,-45.000000,0.0000000000,0.0000000000,1.7025859247,0.4572483804,5.419561,2.015227
3.700000,84.580441,-47.015229,0.0000038789,-0.0000022700,90.000000,-45.000000,0.0000000000,0.0000000000,1.7025859811,0.4572483752,5.419559,2.015229
3.710000,84.580443,-47.015230,0.0000037278,-0.0000021825,90.000000,-45.000000,0.0000000000,0.0000000000,1.7025860353,0.4572483702,5.419557,2.015230
3.720000,84.580445,-47.015231,0.0000035826,-0.0000020984,90.000000,-45.000000,0.0000000000,0.0000000000,1.7025860874,0.4572483654,5.419555,2.015231
3.730000,84.580447,-47.015232,0.0000034431,-0.0000020175,90.000000,-45.000000,0.0000000000,0.0000000000,1.7025861375,0.4572483608,5.419553,2.015232
3.740000,84.580449,-47.015233,0.0000033089,-0.0000019397,90.000000,-45.000000,0.0000000000,0.0000000000,1.7025861856,0.4572483563,5.419551,2.015233
3.750000,84.580451,-47.015234,0.0000031801,-0.0000018649,90.000000,-45.000000,0.0000000000,0.0000000000,1.7025862319,0.4572483520,5.419549,2.015234
3.760000,84.580453,-47.015236,0.0000030562,-0.0000017930,90.000000,-45.000000,0.0000000000,0.0000000000,1.7025862763,0.4572483479,5.419547,2.015236
3.770000,84.580455,-47.015236,0.0000029372,-0.0000017239,90.000000,-45.000000,0.0000000000,0.0000000000,1.7025863190,0.4572483439,5.419545,2.015236
3.780000,84.580456,-47.015237,0.0000028227,-0.0000016575,90.000000,-45.000000,0.0000000000,0.0000000000,1.7025863601,0.4572483400,5.419544,2.015237
3.790000,84.580458,-47.015238,0.0000027128,-0.0000015936,90.000000,-45.000000,0.0000000000,0.0000000000,1.7025863995,0.4572483363,5.419542,2.015238
3.800000,84.580459,-47.015239,0.0000026071,-0.0000015321,90.000000,-45.000000,0.0000000000,0.0000000000,1.7025864374,0.4572483327,5.419541,2.015239
3.810000,84.580461,-47.015240,0.0000025056,-0.0000014730,90.000000,-45.000000,0.0000000000,0.0000000000,1.7025864739,0.4572483293,5.419539,2.015240
3.820000,84.580462,-47.015241,0.0000024080,-0.0000014162,90.000000,-45.000000,0.0000000000,0.0000000000,1.7025865089,0.4572483260,5.419538,2.015241
3.830000,84.580463,-47.015242,0.0000023142,-0.0000013616,90.000000,-45.000000,0.0000000000,0.0000000000,1.7025865425,0.4572483228,5.419537,2.015242
3.840000,84.580465,-47.015242,0.0000022241,-0.0000013091,90.000000,-45.000000,0.0000000000,0.0000000000,1.7025865748,0.4572483197,5.419535,2.015242
3.850000,84.580466,-47.015243,0.0000021374,-0.0000012586,90.000000,-45.000000,0.0000000000,0.0000000000,1.7025866059,0.4572483167,5.419534,2.015243
3.860000,84.580467,-47.015244,0.0000020542,-0.0000012101,90.000000,-45.000000,0.0000000000,0.0000000000,1.7025866358,0.4572483138,5.419533,2.015244
3.870000,84.580468,-47.015244,0.0000019742,-0.0000011634,90.000000,-45.000000,0.0000000000,0.0000000000,1.7025866645,0.4572483111,5.419532,2.015244
3.880000,84.580469,-47.015245,0.0000018973,-0.0000011186,90.000000,-45.000000,0.0000000000,0.0000000000,1.7025866921,0.4572483084,5.419531,2.015245
3.890000,84.580470,-47.015246,0.0000018234,-0.0000010754,90.000000,-45.000000,0.0000000000,0.0000000000,1.7025867186,0.4572483059,5.419530,2.015246
3.900000,84.580471,-47.015246,0.0000017524,-0.0000010340,90.000000,-45.000000,0.0000000000,0.0000000000,1.7025867440,0.4572483034,5.419529,2.015246
3.910000,84.580472,-47.015247,0.0000016841,-0.0000009941,90.000000,-45.000000,0.0000000000,0.0000000000,1.7025867685,0.4572483010,5.419528,2.015247
3.920000,84.580473,-47.015247,0.0000016185,-0.0000009557,90.000000,-45.000000,0.0000000000,0.0000000000,1.7025867920,0.4572482987,5.419527,2.015247
3.930000,84.580474,-47.015248,0.0000015555,-0.0000009189,90.000000,-45.000000,0.0000000000,0.0000000000,1.7025868146,0.4572482965,5.419526,2.015248
3.940000,84.580475,-47.015248,0.0000014949,-0.0000008834,90.000000,-45.000000,0.0000000000,0.0000000000,1.7025868364,0.4572482944,5.419525,2.015248
3.950000,84.580476,-47.015249,0.0000014367,-0.0000008493,90.000000,-45.000000,0.0000000000,0.0000000000,1.7025868573,0.4572482924,5.419524,2.015249
3.960000,84.580477,-47.015249,0.0000013807,-0.0000008166,90.000000,-45.000000,0.0000000000,0.0000000000,1.7025868773,0.4572482904,5.419523,2.015249
3.970000,84.580477,-47.015250,0.0000013269,-0.0000007851,90.000000,-45.000000,0.0000000000,0.0000000000,1.7025868966,0.4572482885,5.419523,2.015250
3.980000,84.580478,-47.015250,0.0000012752,-0.0000007548,90.000000,-45.000000,0.0000000000,0.0000000000,1.7025869151,0.4572482867,5.419522,2.015250
3.990000,84.580479,-47.015251,0.0000012256,-0.0000007257,90.000000,-45.000000,0.0000000000,0.0000000000,1.7025869329,0.4572482849,5.419521,2.015251
4.000000,84.580479,-47.015251,0.0000011778,-0.0000006977,90.000000,-45.000000,0.0000000000,0.0000000000,1.7025869501,0.4572482832,5.419521,2.015251
