time,q1_deg,q2_deg,q1_des_deg,q2_des_deg,x,y,x_des,y_des,tau1,tau2,ee_error
0.000000,0.247046,108.261824,0.247046,108.261824,0.2000000000,0.3000000000,0.2000000000,0.3000000000,0.1775882181,0.7112058910,0.0000000000
0.010000,0.247046,108.261824,0.247002,108.261809,0.2000000000,0.3000000000,0.2000003121,0.2999998724,0.1761826139,0.7108387927,0.0000003372
0.020000,0.247009,108.261807,0.246695,108.261702,0.2000002831,0.2999999028,0.2000024782,0.2999989868,0.1723460862,0.7098763398,0.0000023786
0.030000,0.246837,108.261726,0.245869,108.261414,0.2000016047,0.2999994424,0.2000083007,0.2999966062,0.1667463257,0.7085469947,0.0000072719
0.040000,0.246387,108.261520,0.244277,108.260860,0.2000050332,0.2999982300,0.2000195269,0.2999920159,0.1598713461,0.7069943220,0.0000157696
0.050000,0.245487,108.261119,0.241678,108.259955,0.2000118389,0.2999957900,0.2000378487,0.2999845233,0.1520776658,0.7053088250,0.0000283451
0.060000,0.243947,108.260445,0.237841,108.258619,0.2000234177,0.2999915873,0.2000649037,0.2999734571,0.1436255805,0.7035478381,0.0000452746
0.070000,0.241562,108.259422,0.232541,108.256773,0.2000412378,0.2999850481,0.2001022753,0.2999581666,0.1347049852,0.7017479546,0.0000666947
0.080000,0.238124,108.257971,0.225561,108.254342,0.2000668023,0.2999755752,0.2001514936,0.2999380215,0.1254542771,0.6999327906,0.0000926439
0.090000,0.233421,108.256015,0.216690,108.251253,0.2001016231,0.2999625597,0.2002140351,0.2999124105,0.1159741936,0.6981178347,0.0001230911
0.100000,0.227240,108.253480,0.205727,108.247436,0.2001472025,0.2999453892,0.2002913241,0.2998807406,0.1063379412,0.6963134774,0.0001579572
0.110000,0.219371,108.250291,0.192477,108.242822,0.2002050201,0.2999234536,0.2003847323,0.2998424368,0.0965986106,0.6945269019,0.0001971298
0.120000,0.209609,108.246378,0.176753,108.237346,0.2002765243,0.2998961495,0.2004955797,0.2997969406,0.0867946034,0.6927632656,0.0002404738
0.130000,0.197752,108.241672,0.158372,108.230946,0.2003631254,0.2998628830,0.2006251347,0.2997437093,0.0769536047,0.6910264369,0.0002878390
0.140000,0.183605,108.236106,0.137163,108.223560,0.2004661912,0.2998230715,0.2007746150,0.2996822154,0.0670954897,0.6893194546,0.0003390659
0.150000,0.166978,108.229617,0.112958,108.215131,0.2005870446,0.2997761449,0.2009451875,0.2996119451,0.0572344511,0.6876448143,0.0003939897
0.160000,0.147687,108.222143,0.085598,108.205604,0.2007269608,0.2997215457,0.2011379687,0.2995323980,0.0473805551,0.6860046473,0.0004524427
0.170000,0.125556,108.213624,0.054929,108.194925,0.2008871665,0.2996587297,0.2013540257,0.2994430857,0.0375408802,0.6844008308,0.0005142566
0.180000,0.100415,108.204006,0.020807,108.183042,0.2010688387,0.2995871655,0.2015943759,0.2993435313,0.0277203495,0.6828350567,0.0005792641
0.190000,0.072101,108.193233,-0.016909,108.169909,0.2012731047,0.2995063342,0.2018599876,0.2992332681,0.0179223390,0.6813088742,0.0006472995
0.200000,0.040458,108.181254,-0.058350,108.155478,0.2015010413,0.2994157288,0.2021517809,0.2991118392,0.0081491225,0.6798237155,0.0007181998
0.210000,0.005335,108.168019,-0.103645,108.139705,0.2017536753,0.2993148538,0.2024706272,0.2989787964,-0.0015978038,0.6783809117,0.0007918047
0.220000,-0.033409,108.153482,-0.152912,108.122549,0.2020319834,0.2992032239,0.2028173504,0.2988336992,-0.0113174848,0.6769817021,0.0008679573
0.230000,-0.075910,108.137598,-0.206265,108.103970,0.2023368923,0.2990803641,0.2031927268,0.2986761147,-0.0210093338,0.6756272400,0.0009465042
0.240000,-0.122297,108.120324,-0.263812,108.083931,0.2026692793,0.2989458083,0.2035974857,0.2985056162,-0.0306730068,0.6743185954,0.0010272956
0.250000,-0.172693,108.101621,-0.325653,108.062397,0.2030299723,0.2987990988,0.2040323097,0.2983217826,-0.0403083122,0.6730567568,0.0011101851
0.260000,-0.227214,108.081451,-0.391883,108.039334,0.2034197504,0.2986397853,0.2044978353,0.2981241981,-0.0499151441,0.6718426320,0.0011950302
0.270000,-0.285968,108.059778,-0.462592,108.014712,0.2038393442,0.2984674248,0.2049946529,0.2979124515,-0.0594934354,0.6706770482,0.0012816917
0.280000,-0.349059,108.036569,-0.537862,107.988501,0.2042894361,0.2982815800,0.2055233077,0.2976861353,-0.0690431237,0.6695607519,0.0013700342
0.290000,-0.416583,108.011792,-0.617771,107.960675,0.2047706610,0.2980818196,0.2060842996,0.2974448456,-0.0785641268,0.6684944087,0.0014599254
0.300000,-0.488631,107.985418,-0.702390,107.931208,0.2052836066,0.2978677169,0.2066780840,0.2971881814,-0.0880563263,0.6674786034,0.0015512368
0.310000,-0.565286,107.957421,-0.791785,107.900079,0.2058288138,0.2976388496,0.2073050720,0.2969157443,-0.0975195554,0.6665138393,0.0016438429
0.320000,-0.646627,107.927774,-0.886016,107.867265,0.2064067770,0.2973947994,0.2079656308,0.2966271382,-0.1069535910,0.6656005383,0.0017376216
0.330000,-0.732726,107.896455,-0.985137,107.832749,0.2070179449,0.2971351511,0.2086600842,0.2963219688,-0.1163581488,0.6647390407,0.0018324538
0.340000,-0.823649,107.863443,-1.089198,107.796513,0.2076627208,0.2968594928,0.2093887130,0.2959998437,-0.1257328799,0.6639296057,0.0019282234
0.350000,-0.919457,107.828718,-1.198242,107.758541,0.2083414628,0.2965674150,0.2101517552,0.2956603719,-0.1350773691,0.6631724106,0.0020248175
0.360000,-1.020204,107.792265,-1.312308,107.718821,0.2090544847,0.2962585104,0.2109494069,0.2953031638,-0.1443911346,0.6624675520,0.0021221257
0.370000,-1.125939,107.754066,-1.431428,107.677340,0.2098020562,0.2959323741,0.2117818222,0.2949278311,-0.1536736275,0.6618150457,0.0022200406
0.380000,-1.236706,107.714110,-1.555632,107.634089,0.2105844032,0.2955886028,0.2126491138,0.2945339869,-0.1629242327,0.6612148272,0.0023184575
0.390000,-1.352542,107.672384,-1.684942,107.589061,0.2114017086,0.2952267951,0.2135513538,0.2941212456,-0.1721422702,0.6606667525,0.0024172741
0.400000,-1.473482,107.628878,-1.819375,107.542248,0.2122541128,0.2948465513,0.2144885734,0.2936892231,-0.1813269956,0.6601705987,0.0025163908
0.410000,-1.599551,107.583585,-1.958946,107.493646,0.2131417137,0.2944474733,0.2154607641,0.2932375369,-0.1904776024,0.6597260652,0.0026157104
0.420000,-1.730773,107.536499,-2.103662,107.443252,0.2140645675,0.2940291649,0.2164678777,0.2927658064,-0.1995932226,0.6593327741,0.0027151380
0.430000,-1.867165,107.487615,-2.253527,107.391066,0.2150226895,0.2935912316,0.2175098269,0.2922736528,-0.2086729290,0.6589902721,0.0028145810
0.440000,-2.008738,107.436930,-2.408540,107.337087,0.2160160538,0.2931332811,0.2185864858,0.2917607000,-0.2177157366,0.6586980311,0.0029139492
0.450000,-2.155501,107.384443,-2.568695,107.281317,0.2170445944,0.2926549231,0.2196976905,0.2912265746,-0.2267206042,0.6584554501,0.0030131543
0.460000,-2.307455,107.330156,-2.733983,107.223760,0.2181082057,0.2921557702,0.2208432392,0.2906709061,-0.2356864358,0.6582618565,0.0031121101
0.470000,-2.464598,107.274068,-2.904388,107.164421,0.2192067427,0.2916354374,0.2220228931,0.2900933281,-0.2446120827,0.6581165076,0.0032107327
0.480000,-2.626923,107.216186,-3.079891,107.103307,0.2203400216,0.2910935433,0.2232363768,0.2894934778,-0.2534963449,0.6580185927,0.0033089399
0.490000,-2.794419,107.156514,-3.260470,107.040425,0.2215078207,0.2905297100,0.2244833789,0.2888709974,-0.2623379725,0.6579672349,0.0034066514
0.500000,-2.967070,107.095058,-3.446098,106.975785,0.2227098804,0.2899435637,0.2257635524,0.2882255344,-0.2711356677,0.6579614928,0.0035037890
0.510000,-3.144855,107.031827,-3.636742,106.909398,0.2239459042,0.2893347353,0.2270765154,0.2875567419,-0.2798880859,0.6580003629,0.0036002760
0.520000,-3.327749,106.966831,-3.832367,106.841277,0.2252155588,0.2887028611,0.2284218517,0.2868642798,-0.2885938377,0.6580827819,0.0036960377
0.530000,-3.515724,106.900081,-4.032934,106.771434,0.2265184755,0.2880475829,0.2297991113,0.2861478152,-0.2972514900,0.6582076287,0.0037910010
0.540000,-3.708746,106.831590,-4.238401,106.699886,0.2278542499,0.2873685493,0.2312078112,0.2854070231,-0.3058595679,0.6583737270,0.0038850944
0.550000,-3.906778,106.761371,-4.448718,106.626649,0.2292224430,0.2866654159,0.2326474357,0.2846415873,-0.3144165558,0.6585798481,0.0039782481
0.560000,-4.109780,106.689440,-4.663837,106.551739,0.2306225818,0.2859378464,0.2341174378,0.2838512011,-0.3229208994,0.6588247129,0.0040703939
0.570000,-4.317705,106.615814,-4.883703,106.475177,0.2320541601,0.2851855128,0.2356172389,0.2830355683,-0.3313710068,0.6591069951,0.0041614651
0.580000,-4.530505,106.540510,-5.108258,106.396982,0.2335166387,0.2844080969,0.2371462303,0.2821944037,-0.3397652501,0.6594253239,0.0042513966
0.590000,-4.748127,106.463548,-5.337440,106.317175,0.2350094467,0.2836052905,0.2387037737,0.2813274341,-0.3481019672,0.6597782866,0.0043401245
0.600000,-4.970516,106.384949,-5.571185,106.235779,0.2365319820,0.2827767965,0.2402892018,0.2804343994,-0.3563794629,0.6601644320,0.0044275868
0.610000,-5.197611,106.304733,-5.809426,106.152819,0.2380836116,0.2819223300,0.2419018193,0.2795150532,-0.3645960108,0.6605822729,0.0045137225
0.620000,-5.429350,106.222924,-6.052090,106.068317,0.2396636733,0.2810416185,0.2435409036,0.2785691637,-0.3727498548,0.6610302894,0.0045984723
0.630000,-5.665664,106.139546,-6.299104,105.982301,0.2412714757,0.2801344035,0.2452057059,0.2775965148,-0.3808392106,0.6615069323,0.0046817781
0.640000,-5.906486,106.054624,-6.550390,105.894797,0.2429062994,0.2792004409,0.2468954515,0.2765969068,-0.3888622673,0.6620106257,0.0047635832
0.650000,-6.151740,105.968184,-6.805868,105.805834,0.2445673977,0.2782395022,0.2486093414,0.2755701574,-0.3968171893,0.6625397705,0.0048438322
0.660000,-6.401352,105.880253,-7.065455,105.715440,0.2462539977,0.2772513752,0.2503465527,0.2745161026,-0.4047021179,0.6630927479,0.0049224712
0.670000,-6.655241,105.790860,-7.329065,105.623645,0.2479653010,0.2762358653,0.2521062397,0.2734345977,-0.4125151729,0.6636679221,0.0049994473
0.680000,-6.913325,105.700034,-7.596608,105.530480,0.2497004847,0.2751927957,0.2538875351,0.2723255179,-0.4202544547,0.6642636441,0.0050747092
0.690000,-7.175519,105.607806,-7.867995,105.435977,0.2514587023,0.2741220092,0.2556895506,0.2711887595,-0.4279180457,0.6648782548,0.0051482066
0.700000,-7.441735,105.514205,-8.143130,105.340168,0.2532390848,0.2730233683,0.2575113783,0.2700242406,-0.4355040127,0.6655100885,0.0052198906
0.710000,-7.711882,105.419266,-8.421917,105.243088,0.2550407418,0.2718967566,0.2593520914,0.2688319017,-0.4430104087,0.6661574758,0.0052897137
0.720000,-7.985867,105.323020,-8.704257,105.144770,0.2568627621,0.2707420796,0.2612107458,0.2676117072,-0.4504352747,0.6668187475,0.0053576294
0.730000,-8.263594,105.225503,-8.990050,105.045250,0.2587042153,0.2695592653,0.2630863806,0.2663636456,-0.4577766420,0.6674922373,0.0054235927
0.740000,-8.544963,105.126747,-9.279192,104.944565,0.2605641528,0.2683482655,0.2649780197,0.2650877304,-0.4650325341,0.6681762858,0.0054875596
0.750000,-8.829875,105.026790,-9.571577,104.842749,0.2624416084,0.2671090561,0.2668846726,0.2637840010,-0.4722009694,0.6688692431,0.0055494875
0.760000,-9.118226,104.925667,-9.867097,104.739842,0.2643356001,0.2658416382,0.2688053361,0.2624525233,-0.4792799628,0.6695694724,0.0056093350
0.770000,-9.409911,104.823416,-10.165643,104.635881,0.2662451310,0.2645460391,0.2707389946,0.2610933904,-0.4862675287,0.6702753530,0.0056670621
0.780000,-9.704821,104.720074,-10.467104,104.530906,0.2681691905,0.2632223123,0.2726846224,0.2597067232,-0.4931616829,0.6709852836,0.0057226298
0.790000,-10.002849,104.615681,-10.771365,104.424955,0.2701067554,0.2618705389,0.2746411841,0.2582926711,-0.4999604452,0.6716976853,0.0057760006
0.800000,-10.303881,104.510274,-11.078312,104.318069,0.2720567913,0.2604908282,0.2766076362,0.2568514124,-0.5066618423,0.6724110046,0.0058271380
0.810000,-10.607804,104.403894,-11.387827,104.210288,0.2740182538,0.2590833178,0.2785829284,0.2553831551,-0.5132639098,0.6731237165,0.0058760070
0.820000,-10.914503,104.296582,-11.699793,104.101655,0.2759900897,0.2576481746,0.2805660047,0.2538881370,-0.5197646954,0.6738343270,0.0059225738
0.830000,-11.223861,104.188379,-12.014088,103.992210,0.2779712384,0.2561855955,0.2825558047,0.2523666264,-0.5261622614,0.6745413763,0.0059668060
0.840000,-11.535759,104.079325,-12.330592,103.881995,0.2799606332,0.2546958074,0.2845512652,0.2508189222,-0.5324546877,0.6752434412,0.0060086722
0.850000,-11.850077,103.969464,-12.649182,103.771055,0.2819572023,0.2531790679,0.2865513211,0.2492453545,-0.5386400743,0.6759391380,0.0060481426
0.860000,-12.166692,103.858838,-12.969734,103.659431,0.2839598706,0.2516356658,0.2885549069,0.2476462846,-0.5447165448,0.6766271246,0.0060851887
0.870000,-12.485482,103.747489,-13.292121,103.547169,0.2859675607,0.2500659213,0.2905609581,0.2460221056,-0.5506822490,0.6773061033,0.0061197831
0.880000,-12.806323,103.635463,-13.616219,103.434310,0.2879791942,0.2484701862,0.2925684122,0.2443732420,-0.5565353660,0.6779748226,0.0061519000
0.890000,-13.129087,103.522801,-13.941898,103.320901,0.2899936934,0.2468488442,0.2945762105,0.2427001500,-0.5622741076,0.6786320797,0.0061815149
0.900000,-13.453648,103.409550,-14.269032,103.206985,0.2920099821,0.2452023112,0.2965832989,0.2410033179,-0.5678967211,0.6792767226,0.0062086046
0.910000,-13.779879,103.295753,-14.597490,103.092609,0.2940269875,0.2435310353,0.2985886294,0.2392832655,-0.5734014928,0.6799076514,0.0062331473
0.920000,-14.107649,103.181455,-14.927142,102.977816,0.2960436408,0.2418354967,0.3005911614,0.2375405441,-0.5787867512,0.6805238209,0.0062551228
0.930000,-14.436830,103.066703,-15.257858,102.862653,0.2980588795,0.2401162079,0.3025898632,0.2357757368,-0.5840508704,0.6811242413,0.0062745121
0.940000,-14.767289,102.951540,-15.589505,102.747165,0.3000716477,0.2383737135,0.3045837126,0.2339894578,-0.5891922733,0.6817079804,0.0062912978
0.950000,-15.098895,102.836015,-15.921953,102.631400,0.3020808981,0.2366085901,0.3065716989,0.2321823523,-0.5942094350,0.6822741645,0.0063054638
0.960000,-15.431517,102.720171,-16.255067,102.515401,0.3040855929,0.2348214462,0.3085528235,0.2303550960,-0.5991008866,0.6828219797,0.0063169956
0.970000,-15.765020,102.604057,-16.588716,102.399217,0.3060847054,0.2330129217,0.3105261015,0.2285083949,-0.6038652179,0.6833506727,0.0063258802
0.980000,-16.099273,102.487717,-16.922766,102.282893,0.3080772209,0.2311836877,0.3124905626,0.2266429848,-0.6085010818,0.6838595519,0.0063321062
0.990000,-16.434139,102.371199,-17.257083,102.166476,0.3100621380,0.2293344461,0.3144452526,0.2247596305,-0.6130071970,0.6843479881,0.0063356635
1.000000,-16.769486,102.254549,-17.591534,102.050012,0.3120384700,0.2274659292,0.3163892339,0.2228591257,-0.6173823520,0.6848154148,0.0063365437
1.010000,-17.105179,102.137814,-17.925985,101.933548,0.3140052458,0.2255788991,0.3183215871,0.2209422916,-0.6216254083,0.6852613285,0.0063347401
1.020000,-17.441083,102.021042,-18.260303,101.817131,0.3159615113,0.2236741471,0.3202414119,0.2190099771,-0.6257353042,0.6856852891,0.0063302473
1.030000,-17.777064,101.904277,-18.594353,101.700807,0.3179063302,0.2217524929,0.3221478280,0.2170630572,-0.6297110581,0.6860869200,0.0063230618
1.040000,-18.112985,101.787568,-18.928001,101.584623,0.3198387854,0.2198147844,0.3240399760,0.2151024325,-0.6335517720,0.6864659077,0.0063131817
1.050000,-18.448713,101.670962,-19.261116,101.468625,0.3217579795,0.2178618964,0.3259170184,0.2131290287,-0.6372566352,0.6868220014,0.0063006065
1.060000,-18.784113,101.554504,-19.593563,101.352859,0.3236630365,0.2158947300,0.3277781407,0.2111437948,-0.6408249276,0.6871550130,0.0062853376
1.070000,-19.119050,101.438242,-19.925211,101.237371,0.3255531021,0.2139142117,0.3296225518,0.2091477028,-0.6442560229,0.6874648159,0.0062673780
1.080000,-19.453389,101.322222,-20.255927,101.122208,0.3274273450,0.2119212925,0.3314494848,0.2071417465,-0.6475493925,0.6877513446,0.0062467326
1.090000,-19.786998,101.206490,-20.585579,101.007415,0.3292849575,0.2099169467,0.3332581983,0.2051269402,-0.6507046087,0.6880145936,0.0062234077
1.100000,-20.119742,101.091092,-20.914037,100.893039,0.3311251565,0.2079021713,0.3350479761,0.2031043178,-0.6537213479,0.6882546163,0.0061974117
1.110000,-20.451489,100.976076,-21.241170,100.779123,0.3329471839,0.2058779843,0.3368181288,0.2010749314,-0.6565993939,0.6884715234,0.0061687544
1.120000,-20.782107,100.861485,-21.566850,100.665714,0.3347503078,0.2038454241,0.3385679936,0.1990398502,-0.6593386413,0.6886654822,0.0061374478
1.130000,-21.111463,100.747366,-21.890947,100.552856,0.3365338227,0.2018055480,0.3402969351,0.1970001593,-0.6619390987,0.6888367141,0.0061035052
1.140000,-21.439427,100.633764,-22.213335,100.440593,0.3382970503,0.1997594312,0.3420043460,0.1949569583,-0.6644008915,0.6889854938,0.0060669422
1.150000,-21.765869,100.520724,-22.533886,100.328969,0.3400393401,0.1977081650,0.3436896470,0.1929113597,-0.6667242654,0.6891121467,0.0060277759
1.160000,-22.090661,100.408290,-22.852476,100.218029,0.3417600694,0.1956528564,0.3453522872,0.1908644882,-0.6689095892,0.6892170473,0.0059860253
1.170000,-22.413673,100.296507,-23.168980,100.107814,0.3434586443,0.1935946258,0.3469917448,0.1888174785,-0.6709573576,0.6893006167,0.0059417115
1.180000,-22.734778,100.185417,-23.483276,99.998369,0.3451344998,0.1915346064,0.3486075269,0.1867714746,-0.6728681945,0.6893633210,0.0058948572
1.190000,-23.053853,100.075066,-23.795241,99.889736,0.3467871000,0.1894739420,0.3501991698,0.1847276276,-0.6746428550,0.6894056683,0.0058454871
1.200000,-23.370770,99.965494,-24.104757,99.781955,0.3484159385,0.1874137863,0.3517662389,0.1826870951,-0.6762822291,0.6894282063,0.0057936278
1.210000,-23.685408,99.856746,-24.411703,99.675069,0.3500205384,0.1853553012,0.3533083291,0.1806510388,-0.6777873433,0.6894315200,0.0057393077
1.220000,-23.997645,99.748863,-24.715965,99.569118,0.3516004525,0.1832996550,0.3548250645,0.1786206236,-0.6791593640,0.6894162286,0.0056825573
1.230000,-24.307360,99.641885,-25.017425,99.464143,0.3531552635,0.1812480213,0.3563160984,0.1765970159,-0.6803995993,0.6893829831,0.0056234090
1.240000,-24.614435,99.535854,-25.315971,99.360182,0.3546845835,0.1792015771,0.3577811131,0.1745813820,-0.6815095017,0.6893324632,0.0055618970
1.250000,-24.918753,99.430811,-25.611492,99.257275,0.3561880547,0.1771615018,0.3592198198,0.1725748867,-0.6824906705,0.6892653741,0.0054980576
1.260000,-25.220198,99.326794,-25.903877,99.155459,0.3576653486,0.1751289750,0.3606319582,0.1705786914,-0.6833448534,0.6891824438,0.0054319291
1.270000,-25.518657,99.223842,-26.193018,99.054774,0.3591161662,0.1731051754,0.3620172967,0.1685939530,-0.6840739492,0.6890844199,0.0053635515
1.280000,-25.814018,99.121994,-26.478811,98.955254,0.3605402375,0.1710912790,0.3633756312,0.1666218222,-0.6846800095,0.6889720663,0.0052929672
1.290000,-26.106171,99.021288,-26.761152,98.856936,0.3619373215,0.1690884577,0.3647067855,0.1646634417,-0.6851652405,0.6888461601,0.0052202201
1.300000,-26.395010,98.921759,-27.039939,98.759856,0.3633072057,0.1670978777,0.3660106106,0.1627199449,-0.6855320050,0.6887074879,0.0051453565
1.310000,-26.680429,98.823445,-27.315074,98.664047,0.3646497057,0.1651206976,0.3672869838,0.1607924542,-0.6857828244,0.6885568431,0.0050684245
1.320000,-26.962324,98.726380,-27.586460,98.569544,0.3659646648,0.1631580673,0.3685358090,0.1588820797,-0.6859203795,0.6883950222,0.0049894742
1.330000,-27.240594,98.630598,-27.854004,98.476379,0.3672519536,0.1612111263,0.3697570153,0.1569899175,-0.6859475128,0.6882228212,0.0049085576
1.340000,-27.515142,98.536134,-28.117614,98.384584,0.3685114693,0.1592810019,0.3709505571,0.1551170481,-0.6858672298,0.6880410325,0.0048257290
1.350000,-27.785871,98.443020,-28.377201,98.294190,0.3697431354,0.1573688078,0.3721164130,0.1532645349,-0.6856827001,0.6878504413,0.0047410444
1.360000,-28.052687,98.351288,-28.632679,98.205227,0.3709469009,0.1554756427,0.3732545853,0.1514334232,-0.6853972590,0.6876518224,0.0046545619
1.370000,-28.315500,98.260968,-28.883965,98.117723,0.3721227395,0.1536025888,0.3743650993,0.1496247379,-0.6850144086,0.6874459363,0.0045663416
1.380000,-28.574221,98.172091,-29.130979,98.031707,0.3732706494,0.1517507100,0.3754480026,0.1478394828,-0.6845378190,0.6872335261,0.0044764455
1.390000,-28.828766,98.084685,-29.373643,97.947205,0.3743906523,0.1499210505,0.3765033644,0.1460786388,-0.6839713293,0.6870153142,0.0043849379
1.400000,-29.079050,97.998779,-29.611883,97.864245,0.3754827927,0.1481146337,0.3775312746,0.1443431624,-0.6833189485,0.6867919984,0.0042918846
1.410000,-29.324996,97.914399,-29.845629,97.782849,0.3765471372,0.1463324602,0.3785318434,0.1426339848,-0.6825848569,0.6865642490,0.0041973538
1.420000,-29.566526,97.831571,-30.074811,97.703042,0.3775837736,0.1445755068,0.3795051998,0.1409520099,-0.6817734064,0.6863327052,0.0041014155
1.430000,-29.803568,97.750319,-30.299365,97.624847,0.3785928104,0.1428447250,0.3804514917,0.1392981136,-0.6808891218,0.6860979720,0.0040041415
1.440000,-30.036049,97.670668,-30.519231,97.548285,0.3795743757,0.1411410395,0.3813708845,0.1376731419,-0.6799367014,0.6858606164,0.0039056059
1.450000,-30.263904,97.592639,-30.734350,97.473375,0.3805286167,0.1394653468,0.3822635603,0.1360779101,-0.6789210178,0.6856211651,0.0038058845
1.460000,-30.487070,97.516254,-30.944668,97.400138,0.3814556987,0.1378185143,0.3831297177,0.1345132013,-0.6778471185,0.6853801003,0.0037050551
1.470000,-30.705484,97.441533,-31.150134,97.328590,0.3823558042,0.1362013784,0.3839695702,0.1329797653,-0.6767202266,0.6851378573,0.0036031974
1.480000,-30.919092,97.368494,-31.350701,97.258747,0.3832291323,0.1346147439,0.3847833461,0.1314783173,-0.6755457418,0.6848948213,0.0035003932
1.490000,-31.127840,97.297156,-31.546327,97.190626,0.3840758978,0.1330593822,0.3855712874,0.1300095369,-0.6743292403,0.6846513242,0.0033967258
1.500000,-31.331678,97.227534,-31.736971,97.124239,0.3848963304,0.1315360302,0.3863336490,0.1285740667,-0.6730764763,0.6844076421,0.0032922808
1.510000,-31.530560,97.159643,-31.922598,97.059599,0.3856906739,0.1300453896,0.3870706983,0.1271725115,-0.6717933818,0.6841639918,0.0031871454
1.520000,-31.724445,97.093497,-32.103177,96.996718,0.3864591855,0.1285881251,0.3877827141,0.1258054370,-0.6704860679,0.6839205289,0.0030814089
1.530000,-31.913295,97.029108,-32.278681,96.935603,0.3872021351,0.1271648637,0.3884699861,0.1244733690,-0.6691608247,0.6836773444,0.0029751622
1.540000,-32.097075,96.966486,-32.449086,96.876264,0.3879198042,0.1257761935,0.3891328146,0.1231767922,-0.6678241226,0.6834344627,0.0028684981
1.550000,-32.275756,96.905641,-32.614373,96.818707,0.3886124857,0.1244226626,0.3897715091,0.1219161492,-0.6664826123,0.6831918387,0.0027615112
1.560000,-32.449312,96.846582,-32.774529,96.762937,0.3892804829,0.1231047782,0.3903863884,0.1206918399,-0.6651431261,0.6829493556,0.0026542981
1.570000,-32.617721,96.789313,-32.929542,96.708958,0.3899241090,0.1218230057,0.3909777798,0.1195042200,-0.6638126779,0.6827068226,0.0025469568
1.580000,-32.780967,96.733840,-33.079407,96.656772,0.3905436863,0.1205777673,0.3915460186,0.1183536008,-0.6624984643,0.6824639727,0.0024395874
1.590000,-32.939035,96.680167,-33.224123,96.606378,0.3911395460,0.1193694417,0.3920914477,0.1172402477,-0.6612078654,0.6822204605,0.0023322915
1.600000,-33.091918,96.628295,-33.363693,96.557776,0.3917120272,0.1181983627,0.3926144170,0.1161643800,-0.6599484452,0.6819758606,0.0022251725
1.610000,-33.239613,96.578223,-33.498127,96.510963,0.3922614769,0.1170648186,0.3931152833,0.1151261696,-0.6587279527,0.6817296651,0.0021183355
1.620000,-33.382119,96.529952,-33.627437,96.465935,0.3927882490,0.1159690514,0.3935944099,0.1141257406,-0.6575543228,0.6814812826,0.0020118872
1.630000,-33.519442,96.483477,-33.751640,96.422684,0.3932927044,0.1149112560,0.3940521661,0.1131631683,-0.6564356772,0.6812300357,0.0019059361
1.640000,-33.651593,96.438793,-33.870761,96.381204,0.3937752103,0.1138915790,0.3944889273,0.1122384787,-0.6553803251,0.6809751604,0.0018005923
1.650000,-33.778587,96.395895,-33.984827,96.341483,0.3942361404,0.1129101188,0.3949050749,0.1113516479,-0.6543967646,0.6807158038,0.0016959673
1.660000,-33.900444,96.354773,-34.093871,96.303511,0.3946758740,0.1119669242,0.3953009957,0.1105026011,-0.6534936838,0.6804510232,0.0015921743
1.670000,-34.017188,96.315418,-34.197931,96.267275,0.3950947961,0.1110619939,0.3956770824,0.1096912125,-0.6526799617,0.6801797852,0.0014893284
1.680000,-34.128851,96.277818,-34.297053,96.232759,0.3954932977,0.1101952762,0.3960337332,0.1089173042,-0.6519646699,0.6799009640,0.0013875457
1.690000,-34.235467,96.241958,-34.391284,96.199945,0.3958717748,0.1093666678,0.3963713524,0.1081806460,-0.6513570734,0.6796133408,0.0012869443
1.700000,-34.337078,96.207825,-34.480678,96.168816,0.3962306294,0.1085760138,0.3966903498,0.1074809548,-0.6508666324,0.6793156028,0.0011876434
1.710000,-34.433730,96.175399,-34.565298,96.139350,0.3965702688,0.1078231066,0.3969911415,0.1068178941,-0.6505030039,0.6790063427,0.0010897642
1.720000,-34.525473,96.144662,-34.645207,96.111523,0.3968911060,0.1071076859,0.3972741501,0.1061910734,-0.6502760427,0.6786840579,0.0009934290
1.730000,-34.612366,96.115592,-34.720477,96.085312,0.3971935599,0.1064294378,0.3975398044,0.1056000479,-0.6501958038,0.6783471498,0.0008987618
1.740000,-34.694470,96.088167,-34.791186,96.060690,0.3974780555,0.1057879945,0.3977885407,0.1050443181,-0.6502725435,0.6779939239,0.0008058881
1.750000,-34.771854,96.062360,-34.857416,96.037627,0.3977450242,0.1051829338,0.3980208023,0.1045233291,-0.6505167218,0.6776225889,0.0007149349
1.760000,-34.844593,96.038145,-34.919257,96.016093,0.3979949037,0.1046137787,0.3982370408,0.1040364707,-0.6509390037,0.6772312572,0.0006260310
1.770000,-34.912765,96.015492,-34.976803,95.996054,0.3982281394,0.1040799969,0.3984377159,0.1035830766,-0.6515502617,0.6768179441,0.0005393071
1.780000,-34.976457,95.994371,-35.030156,95.977475,0.3984451838,0.1035810007,0.3986232965,0.1031624244,-0.6523615776,0.6763805684,0.0004548959
1.790000,-35.035761,95.974746,-35.079424,95.960319,0.3986464976,0.1031161462,0.3987942612,0.1027737349,-0.6533842449,0.6759169521,0.0003729337
1.800000,-35.090774,95.956584,-35.124718,95.944546,0.3988325503,0.1026847335,0.3989510987,0.1024161724,-0.6546297705,0.6754248211,0.0002935622
1.810000,-35.141601,95.939845,-35.166160,95.930115,0.3990038204,0.1022860057,0.3990943091,0.1020888437,-0.6561098778,0.6749018050,0.0002169356
1.820000,-35.188351,95.924490,-35.203876,95.916982,0.3991607964,0.1019191493,0.3992244039,0.1017907984,-0.6578365083,0.6743454377,0.0001432476
1.830000,-35.231142,95.910478,-35.237998,95.905099,0.3993039776,0.1015832936,0.3993419075,0.1015210282,-0.6598218245,0.6737531579,0.0000729085
1.840000,-35.270096,95.897762,-35.268666,95.894420,0.3994338744,0.1012775102,0.3994473576,0.1012784671,-0.6620782124,0.6731223096,0.0000135171
1.850000,-35.305343,95.886297,-35.296026,95.884893,0.3995510097,0.1010008132,0.3995413063,0.1010619909,-0.6646182838,0.6724501429,0.0000619424
1.860000,-35.337019,95.876033,-35.320231,95.876464,0.3996559192,0.1007521588,0.3996243208,0.1008704169,-0.6674548789,0.6717338142,0.0001224068
1.870000,-35.365266,95.866920,-35.341441,95.869078,0.3997491524,0.1005304449,0.3996969844,0.1007025041,-0.6706010695,0.6709703875,0.0001797940
1.880000,-35.390235,95.858903,-35.359821,95.862678,0.3998312738,0.1003345109,0.3997598974,0.1005569523,-0.6740701611,0.6701568346,0.0002336124
1.890000,-35.412080,95.851927,-35.375546,95.857202,0.3999028635,0.1001631378,0.3998136780,0.1004324025,-0.6778756959,0.6692900364,0.0002836504
1.900000,-35.430966,95.845932,-35.388796,95.852588,0.3999645180,0.1000150477,0.3998589634,0.1003274365,-0.6820314554,0.6683667833,0.0003297401
1.910000,-35.447062,95.840859,-35.399759,95.848771,0.4000168516,0.0998889036,0.3998964104,0.1002405765,-0.6865514635,0.6673837766,0.0003717256
1.920000,-35.460545,95.836643,-35.408629,95.845682,0.4000604970,0.0997833095,0.3999266965,0.1001702850,-0.6914499890,0.6663376284,0.0004094541
1.930000,-35.471600,95.833218,-35.415610,95.843251,0.4000961063,0.0996968095,0.3999505208,0.1001149647,-0.6967415486,0.6652248636,0.0004427740
1.940000,-35.480417,95.830517,-35.420910,95.841405,0.4001243519,0.0996278885,0.3999686050,0.1000729577,-0.7024409096,0.6640419196,0.0004715333
1.950000,-35.487196,95.828467,-35.424747,95.840069,0.4001459275,0.0995749712,0.3999816938,0.1000425460,-0.7085630927,0.6627851477,0.0004955794
1.960000,-35.492143,95.826997,-35.427345,95.839164,0.4001615490,0.0995364221,0.3999905561,0.1000219505,-0.7151233746,0.6614508138,0.0005147586
1.970000,-35.495471,95.826028,-35.428937,95.838610,0.4001719555,0.0995105453,0.3999959856,0.1000093311,-0.7221372911,0.6600350987,0.0005289164
1.980000,-35.497400,95.825483,-35.429763,95.838322,0.4001779097,0.0994955843,0.3999988015,0.1000027858,-0.7296206395,0.6585340989,0.0005378968
1.990000,-35.498161,95.825281,-35.430070,95.838215,0.4001801990,0.0994897213,0.3999998491,0.1000003509,-0.7375894813,0.6569438268,0.0005415428
2.000000,-35.497988,95.825336,-35.430115,95.838200,0.4001796363,0.0994910771,0.4000000000,0.1000000000,-0.7460601447,0.6552602112,0.0005396959
2.000000,-35.497127,95.825562,-35.430115,95.838200,0.4001770605,0.0994977106,0.4000000000,0.1000000000,-0.7536153220,0.6538535869,0.0005325833
2.010000,-35.495790,95.825887,-35.430070,95.838215,0.4001731867,0.0995079280,0.3999998491,0.1000003509,-0.7577052729,0.6533503127,0.0005220404
2.020000,-35.494099,95.826284,-35.429763,95.838322,0.4001683509,0.0995208228,0.3999988015,0.1000027858,-0.7578580013,0.6537781247,0.0005109161
2.030000,-35.492066,95.826772,-35.428937,95.838610,0.4001624911,0.0995363463,0.3999959856,0.1000093311,-0.7551463166,0.6547843172,0.0005014366
2.040000,-35.489631,95.827394,-35.427345,95.839164,0.4001552865,0.0995550455,0.3999905561,0.1000219505,-0.7503548621,0.6561488198,0.0004951125
2.050000,-35.486681,95.828213,-35.424747,95.840069,0.4001462492,0.0995778758,0.3999816938,0.1000425460,-0.7440573686,0.6577344932,0.0004929472
2.060000,-35.483067,95.829297,-35.420910,95.841405,0.4001347864,0.0996060684,0.3999686050,0.1000729577,-0.7366732063,0.6594560487,0.0004955824
2.070000,-35.478614,95.830721,-35.415610,95.843251,0.4001202414,0.0996410349,0.3999505208,0.1001149647,-0.7285087841,0.6612606121,0.0005034029
2.080000,-35.473135,95.832560,-35.408629,95.845682,0.4001019214,0.0996842989,0.3999266965,0.1001702850,-0.7197878546,0.6631155669,0.0005166104
2.090000,-35.466431,95.834891,-35.399759,95.848771,0.4000791164,0.0997374469,0.3998964104,0.1002405765,-0.7106736987,0.6650009514,0.0005352765
2.100000,-35.458301,95.837789,-35.388796,95.852588,0.4000511114,0.0998020932,0.3998589634,0.1003274365,-0.7012853650,0.6669047012,0.0005593804
2.110000,-35.448540,95.841326,-35.375546,95.857202,0.4000171956,0.0998798548,0.3998136780,0.1004324025,-0.6917095568,0.6688196734,0.0005888365
2.120000,-35.436946,95.845574,-35.359821,95.862678,0.3999766670,0.0999723324,0.3997598974,0.1005569523,-0.6820093340,0.6707417838,0.0006235138
2.130000,-35.423319,95.850603,-35.341441,95.869078,0.3999288366,0.1000810979,0.3996969844,0.1007025041,-0.6722304810,0.6726688404,0.0006632504
2.140000,-35.407466,95.856478,-35.320231,95.876464,0.3998730303,0.1002076848,0.3996243208,0.1008704169,-0.6624061688,0.6745998135,0.0007078632
2.150000,-35.389195,95.863265,-35.296026,95.884893,0.3998085906,0.1003535815,0.3995413063,0.1010619909,-0.6525603656,0.6765343777,0.0007571557
2.160000,-35.368323,95.871024,-35.268666,95.894420,0.3997348766,0.1005202263,0.3994473576,0.1012784671,-0.6427103340,0.6784726256,0.0008109231
2.170000,-35.344672,95.879817,-35.237998,95.905099,0.3996512645,0.1007090041,0.3993419075,0.1015210282,-0.6328684565,0.6804148873,0.0008689562
2.180000,-35.318071,95.889699,-35.203876,95.916982,0.3995571475,0.1009212441,0.3992244039,0.1017907984,-0.6230435721,0.6823616174,0.0009310440
2.190000,-35.288353,95.900724,-35.166160,95.930115,0.3994519349,0.1011582182,0.3990943091,0.1020888437,-0.6132419529,0.6843133239,0.0009969755
2.200000,-35.255362,95.912946,-35.124718,95.944546,0.3993350522,0.1014211395,0.3989510987,0.1024161724,-0.6034680190,0.6862705231,0.0010665415
2.210000,-35.218946,95.926414,-35.079424,95.960319,0.3992059399,0.1017111624,0.3987942612,0.1027737349,-0.5937248596,0.6882337116,0.0011395349
2.220000,-35.178961,95.941175,-35.030156,95.977475,0.3990640531,0.1020293813,0.3986232965,0.1031624244,-0.5840146148,0.6902033476,0.0012157521
2.230000,-35.135268,95.957274,-34.976803,95.996054,0.3989088605,0.1023768309,0.3984377159,0.1035830766,-0.5743387533,0.6921798401,0.0012949926
2.240000,-35.087737,95.974753,-34.919257,96.016093,0.3987398438,0.1027544864,0.3982370408,0.1040364707,-0.5646982752,0.6941635408,0.0013770602
2.250000,-35.036244,95.993654,-34.857416,96.037627,0.3985564968,0.1031632628,0.3980208023,0.1045233291,-0.5550938594,0.6961547399,0.0014617623
2.260000,-34.980671,96.014014,-34.791186,96.060690,0.3983583250,0.1036040159,0.3977885407,0.1050443181,-0.5455259708,0.6981536625,0.0015489108
2.270000,-34.920907,96.035869,-34.720477,96.085312,0.3981448444,0.1040775422,0.3975398044,0.1056000479,-0.5359949378,0.7001604669,0.0016383214
2.280000,-34.856847,96.059253,-34.645207,96.111523,0.3979155812,0.1045845791,0.3972741501,0.1061910734,-0.5265010084,0.7021752429,0.0017298144
2.290000,-34.788393,96.084198,-34.565298,96.139350,0.3976700708,0.1051258054,0.3969911415,0.1068178941,-0.5170443905,0.7041980115,0.0018232139
2.300000,-34.715453,96.110734,-34.480678,96.168816,0.3974078576,0.1057018419,0.3966903498,0.1074809548,-0.5076252804,0.7062287239,0.0019183484
2.310000,-34.637942,96.138886,-34.391284,96.199945,0.3971284944,0.1063132512,0.3963713524,0.1081806460,-0.4982438831,0.7082672614,0.0020150502
2.320000,-34.555780,96.168682,-34.297053,96.232759,0.3968315415,0.1069605390,0.3960337332,0.1089173042,-0.4889004268,0.7103134352,0.0021131559
2.330000,-34.468894,96.200143,-34.197931,96.267275,0.3965165666,0.1076441540,0.3956770824,0.1096912125,-0.4795951726,0.7123669871,0.0022125059
2.340000,-34.377216,96.233292,-34.093871,96.303511,0.3961831447,0.1083644884,0.3953009957,0.1105026011,-0.4703284207,0.7144275889,0.0023129446
2.350000,-34.280683,96.268148,-33.984827,96.341483,0.3958308572,0.1091218789,0.3949050749,0.1113516479,-0.4611005148,0.7164948434,0.0024143203
2.360000,-34.179242,96.304728,-33.870761,96.381204,0.3954592919,0.1099166069,0.3944889273,0.1122384787,-0.4519118447,0.7185682845,0.0025164849
2.370000,-34.072840,96.343048,-33.751640,96.422684,0.3950680429,0.1107488990,0.3940521661,0.1131631683,-0.4427628474,0.7206473782,0.0026192942
2.380000,-33.961433,96.383121,-33.627437,96.465935,0.3946567104,0.1116189280,0.3935944099,0.1141257406,-0.4336540077,0.7227315230,0.0027226075
2.390000,-33.844983,96.424959,-33.498127,96.510963,0.3942249006,0.1125268134,0.3931152833,0.1151261696,-0.4245858580,0.7248200510,0.0028262879
2.400000,-33.723455,96.468572,-33.363693,96.557776,0.3937722257,0.1134726218,0.3926144170,0.1161643800,-0.4155589777,0.7269122285,0.0029302020
2.410000,-33.596820,96.513967,-33.224123,96.606378,0.3932983039,0.1144563678,0.3920914477,0.1172402477,-0.4065739926,0.7290072577,0.0030342197
2.420000,-33.465057,96.561152,-33.079407,96.656772,0.3928027597,0.1154780151,0.3915460186,0.1183536008,-0.3976315735,0.7311042773,0.0031382147
2.430000,-33.328145,96.610131,-32.929542,96.708958,0.3922852237,0.1165374764,0.3909777798,0.1195042200,-0.3887324355,0.7332023639,0.0032420637
2.440000,-33.186074,96.660907,-32.774529,96.762937,0.3917453333,0.1176346151,0.3903863884,0.1206918399,-0.3798773363,0.7353005338,0.0033456471
2.450000,-33.038833,96.713482,-32.614373,96.818707,0.3911827325,0.1187692453,0.3897715091,0.1219161492,-0.3710670758,0.7373977441,0.0034488485
2.460000,-32.886420,96.767853,-32.449086,96.876264,0.3905970725,0.1199411332,0.3891328146,0.1231767922,-0.3623024941,0.7394928948,0.0035515547
2.470000,-32.728837,96.824021,-32.278681,96.935603,0.3899880122,0.1211499978,0.3884699861,0.1244733690,-0.3535844706,0.7415848298,0.0036536556
2.480000,-32.566090,96.881981,-32.103177,96.996718,0.3893552181,0.1223955116,0.3877827141,0.1258054370,-0.3449139233,0.7436723396,0.0037550446
2.490000,-32.398189,96.941728,-31.922598,97.059599,0.3886983655,0.1236773019,0.3870706983,0.1271725115,-0.3362918069,0.7457541629,0.0038556181
2.500000,-32.225150,97.003255,-31.736971,97.124239,0.3880171384,0.1249949513,0.3863336490,0.1285740667,-0.3277191125,0.7478289884,0.0039552754
2.510000,-32.046992,97.066554,-31.546327,97.190626,0.3873112304,0.1263479991,0.3855712874,0.1300095369,-0.3191968659,0.7498954576,0.0040539192
2.520000,-31.863740,97.131616,-31.350701,97.258747,0.3865803452,0.1277359419,0.3847833461,0.1314783173,-0.3107261272,0.7519521665,0.0041514551
2.530000,-31.675423,97.198429,-31.150134,97.328590,0.3858241970,0.1291582353,0.3839695702,0.1329797653,-0.3023079893,0.7539976683,0.0042477915
2.540000,-31.482072,97.266981,-30.944668,97.400138,0.3850425119,0.1306142940,0.3831297177,0.1345132013,-0.2939435775,0.7560304757,0.0043428401
2.550000,-31.283724,97.337258,-30.734350,97.473375,0.3842350275,0.1321034937,0.3822635603,0.1360779101,-0.2856340482,0.7580490636,0.0044365153
2.560000,-31.080420,97.409244,-30.519231,97.548285,0.3834014945,0.1336251721,0.3813708845,0.1376731419,-0.2773805882,0.7600518717,0.0045287345
2.570000,-30.872205,97.482924,-30.299365,97.624847,0.3825416772,0.1351786297,0.3804514917,0.1392981136,-0.2691844139,0.7620373074,0.0046194180
2.580000,-30.659126,97.558279,-30.074811,97.703042,0.3816553540,0.1367631314,0.3795051998,0.1409520099,-0.2610467704,0.7640037481,0.0047084888
2.590000,-30.441236,97.635290,-29.845629,97.782849,0.3807423185,0.1383779073,0.3785318434,0.1426339848,-0.2529689304,0.7659495447,0.0047958728
2.600000,-30.218591,97.713937,-29.611883,97.864245,0.3798023801,0.1400221544,0.3775312746,0.1443431624,-0.2449521939,0.7678730244,0.0048814988
2.610000,-29.991250,97.794198,-29.373643,97.947205,0.3788353648,0.1416950376,0.3765033644,0.1460786388,-0.2369978868,0.7697724936,0.0049652981
2.620000,-29.759276,97.876051,-29.130979,98.031707,0.3778411162,0.1433956911,0.3754480026,0.1478394828,-0.2291073607,0.7716462410,0.0050472049
2.630000,-29.522735,97.959471,-28.883965,98.117723,0.3768194958,0.1451232196,0.3743650993,0.1496247379,-0.2212819912,0.7734925411,0.0051271561
2.640000,-29.281696,98.044433,-28.632679,98.205227,0.3757703845,0.1468766998,0.3732545853,0.1514334232,-0.2135231776,0.7753096569,0.0052050911
2.650000,-29.036234,98.130912,-28.377201,98.294190,0.3746936828,0.1486551818,0.3721164130,0.1532645349,-0.2058323419,0.7770958437,0.0052809522
2.660000,-28.786423,98.218880,-28.117614,98.384584,0.3735893119,0.1504576904,0.3709505571,0.1551170481,-0.1982109277,0.7788493521,0.0053546840
2.670000,-28.532342,98.308309,-27.854004,98.476379,0.3724572144,0.1522832266,0.3697570153,0.1569899175,-0.1906603992,0.7805684315,0.0054262339
2.680000,-28.274074,98.399169,-27.586460,98.569544,0.3712973548,0.1541307689,0.3685358090,0.1588820797,-0.1831822403,0.7822513334,0.0054955519
2.690000,-28.011703,98.491430,-27.315074,98.664047,0.3701097207,0.1559992750,0.3672869838,0.1607924542,-0.1757779532,0.7838963150,0.0055625903
2.700000,-27.745318,98.585062,-27.039939,98.759856,0.3688943231,0.1578876832,0.3660106106,0.1627199449,-0.1684490577,0.7855016422,0.0056273041
2.710000,-27.475009,98.680032,-26.761152,98.856936,0.3676511972,0.1597949138,0.3647067855,0.1646634417,-0.1611970898,0.7870655938,0.0056896506
2.720000,-27.200868,98.776306,-26.478811,98.955254,0.3663804033,0.1617198709,0.3633756312,0.1666218222,-0.1540236000,0.7885864643,0.0057495897
2.730000,-26.922992,98.873852,-26.193018,99.054774,0.3650820270,0.1636614436,0.3620172967,0.1685939530,-0.1469301527,0.7900625677,0.0058070837
2.740000,-26.641480,98.972634,-25.903877,99.155459,0.3637561800,0.1656185077,0.3606319582,0.1705786914,-0.1399183243,0.7914922407,0.0058620972
2.750000,-26.356430,99.072617,-25.611492,99.257275,0.3624030006,0.1675899273,0.3592198198,0.1725748867,-0.1329897019,0.7928738467,0.0059145972
2.760000,-26.067948,99.173765,-25.315971,99.360182,0.3610226544,0.1695745564,0.3577811131,0.1745813820,-0.1261458815,0.7942057785,0.0059645530
2.770000,-25.776137,99.276040,-25.017425,99.464143,0.3596153344,0.1715712404,0.3563160984,0.1765970159,-0.1193884668,0.7954864625,0.0060119363
2.780000,-25.481105,99.379404,-24.715965,99.569118,0.3581812618,0.1735788176,0.3548250645,0.1786206236,-0.1127190670,0.7967143612,0.0060567209
2.790000,-25.182961,99.483820,-24.411703,99.675069,0.3567206859,0.1755961209,0.3533083291,0.1806510388,-0.1061392953,0.7978879775,0.0060988830
2.800000,-24.881817,99.589247,-24.104757,99.781955,0.3552338850,0.1776219794,0.3517662389,0.1826870951,-0.0996507670,0.7990058572,0.0061384010
2.810000,-24.577787,99.695647,-23.795241,99.889736,0.3537211662,0.1796552200,0.3501991698,0.1847276276,-0.0932550974,0.8000665927,0.0061752553
2.820000,-24.270985,99.802978,-23.483276,99.998369,0.3521828658,0.1816946687,0.3486075269,0.1867714746,-0.0869538997,0.8010688260,0.0062094288
2.830000,-23.961529,99.911200,-23.168980,100.107814,0.3506193493,0.1837391525,0.3469917448,0.1888174785,-0.0807487829,0.8020112518,0.0062409062
2.840000,-23.649536,100.020272,-22.852476,100.218029,0.3490310120,0.1857875007,0.3453522872,0.1908644882,-0.0746413499,0.8028926207,0.0062696744
2.850000,-23.335128,100.130150,-22.533886,100.328969,0.3474182783,0.1878385469,0.3436896470,0.1929113597,-0.0686331945,0.8037117422,0.0062957225
2.860000,-23.018425,100.240793,-22.213335,100.440593,0.3457816024,0.1898911296,0.3420043460,0.1949569583,-0.0627258996,0.8044674873,0.0063190415
2.870000,-22.699552,100.352157,-21.890947,100.552856,0.3441214676,0.1919440948,0.3402969351,0.1970001593,-0.0569210344,0.8051587913,0.0063396243
2.880000,-22.378631,100.464199,-21.566850,100.665714,0.3424383866,0.1939962966,0.3385679936,0.1990398502,-0.0512201521,0.8057846569,0.0063574661
2.890000,-22.055790,100.576875,-21.241170,100.779123,0.3407329014,0.1960465993,0.3368181288,0.2010749314,-0.0456247866,0.8063441564,0.0063725637
2.900000,-21.731155,100.690140,-20.914037,100.893039,0.3390055826,0.1980938783,0.3350479761,0.2031043178,-0.0401364506,0.8068364341,0.0063849161
2.910000,-21.404854,100.803950,-20.585579,101.007415,0.3372570295,0.2001370219,0.3332581983,0.2051269402,-0.0347566323,0.8072607091,0.0063945239
2.920000,-21.077016,100.918261,-20.255927,101.122208,0.3354878693,0.2021749325,0.3314494848,0.2071417465,-0.0294867926,0.8076162770,0.0064013898
2.930000,-20.747771,101.033026,-19.925211,101.237371,0.3336987574,0.2042065278,0.3296225518,0.2091477028,-0.0243283621,0.8079025123,0.0064055182
2.940000,-20.417249,101.148200,-19.593563,101.352859,0.3318903762,0.2062307425,0.3277781407,0.2111437948,-0.0192827382,0.8081188705,0.0064069153
2.950000,-20.085583,101.263737,-19.261116,101.468625,0.3300634349,0.2082465290,0.3259170184,0.2131290287,-0.0143512819,0.8082648893,0.0064055891
2.960000,-19.752904,101.379591,-18.928001,101.584623,0.3282186687,0.2102528592,0.3240399760,0.2151024325,-0.0095353148,0.8083401911,0.0064015494
2.970000,-19.419345,101.495716,-18.594353,101.700807,0.3263568386,0.2122487253,0.3221478280,0.2170630572,-0.0048361157,0.8083444838,0.0063948074
2.980000,-19.085040,101.612066,-18.260303,101.817131,0.3244787303,0.2142331408,0.3202414119,0.2190099771,-0.0002549175,0.8082775628,0.0063853764
2.990000,-18.750123,101.728594,-17.925985,101.933548,0.3225851534,0.2162051421,0.3183215871,0.2209422916,0.0042070962,0.8081393118,0.0063732710
3.000000,-18.414727,101.845253,-17.591534,102.050012,0.3206769408,0.2181637890,0.3163892339,0.2228591257,0.0085487944,0.8079297041,0.0063585075
3.010000,-18.078988,101.961996,-17.257083,102.166476,0.3187549481,0.2201081660,0.3144452526,0.2247596305,0.0127691021,0.8076488032,0.0063411038
3.020000,-17.743039,102.078778,-16.922766,102.282893,0.3168200519,0.2220373829,0.3124905626,0.2266429848,0.0168670034,0.8072967640,0.0063210795
3.030000,-17.407016,102.195550,-16.588716,102.399217,0.3148731497,0.2239505761,0.3105261015,0.2285083949,0.0208415457,0.8068738331,0.0062984554
3.040000,-17.071053,102.312267,-16.255067,102.515401,0.3129151584,0.2258469090,0.3085528235,0.2303550960,0.0246918424,0.8063803493,0.0062732540
3.050000,-16.735286,102.428881,-15.921953,102.631400,0.3109470137,0.2277255730,0.3065716989,0.2321823523,0.0284170766,0.8058167439,0.0062454993
3.060000,-16.399848,102.545346,-15.589505,102.747165,0.3089696685,0.2295857880,0.3045837126,0.2339894578,0.0320165047,0.8051835406,0.0062152166
3.070000,-16.064875,102.661615,-15.257858,102.862653,0.3069840922,0.2314268031,0.3025898632,0.2357757368,0.0354894601,0.8044813557,0.0061824326
3.080000,-15.730500,102.777642,-14.927142,102.977816,0.3049912695,0.2332478974,0.3005911614,0.2375405441,0.0388353561,0.8037108976,0.0061471755
3.090000,-15.396858,102.893380,-14.597490,103.092609,0.3029921990,0.2350483799,0.2985886294,0.2392832655,0.0420536899,0.8028729666,0.0061094747
3.100000,-15.064082,103.008784,-14.269032,103.206985,0.3009878925,0.2368275906,0.2965832989,0.2410033179,0.0451440459,0.8019684543,0.0060693611
3.110000,-14.732304,103.123807,-13.941898,103.320901,0.2989793733,0.2385849004,0.2945762105,0.2427001500,0.0481060992,0.8009983425,0.0060268667
3.120000,-14.401657,103.238403,-13.616219,103.434310,0.2969676752,0.2403197118,0.2925684122,0.2443732420,0.0509396188,0.7999637031,0.0059820249
3.130000,-14.072272,103.352527,-13.292121,103.547169,0.2949538411,0.2420314586,0.2905609581,0.2460221056,0.0536444717,0.7988656961,0.0059348702
3.140000,-13.744281,103.466134,-12.969734,103.659431,0.2929389221,0.2437196069,0.2885549069,0.2476462846,0.0562206255,0.7977055692,0.0058854386
3.150000,-13.417813,103.579180,-12.649182,103.771055,0.2909239757,0.2453836542,0.2865513211,0.2492453545,0.0586681523,0.7964846560,0.0058337669
3.160000,-13.092997,103.691618,-12.330592,103.881995,0.2889100647,0.2470231304,0.2845512652,0.2508189222,0.0609872316,0.7952043743,0.0057798935
3.170000,-12.769961,103.803406,-12.014088,103.992210,0.2868982563,0.2486375972,0.2825558047,0.2523666264,0.0631781542,0.7938662253,0.0057238575
3.180000,-12.448832,103.914500,-11.699793,104.101655,0.2848896199,0.2502266482,0.2805660047,0.2538881370,0.0652413247,0.7924717908,0.0056656994
3.190000,-12.129736,104.024856,-11.387827,104.210288,0.2828852268,0.2517899088,0.2785829284,0.2553831551,0.0671772653,0.7910227319,0.0056054608
3.200000,-11.812797,104.134431,-11.078312,104.318069,0.2808861481,0.2533270361,0.2766076362,0.2568514124,0.0689866185,0.7895207867,0.0055431843
3.210000,-11.498138,104.243184,-10.771365,104.424955,0.2788934537,0.2548377184,0.2746411841,0.2582926711,0.0706701504,0.7879677683,0.0054789136
3.220000,-11.185882,104.351071,-10.467104,104.530906,0.2769082111,0.2563216753,0.2726846224,0.2597067232,0.0722287539,0.7863655622,0.0054126934
3.230000,-10.876148,104.458052,-10.165643,104.635881,0.2749314838,0.2577786569,0.2707389946,0.2610933904,0.0736634510,0.7847161243,0.0053445695
3.240000,-10.569055,104.564086,-9.867097,104.739842,0.2729643302,0.2592084436,0.2688053361,0.2624525233,0.0749753966,0.7830214780,0.0052745887
3.250000,-10.264721,104.669133,-9.571577,104.842749,0.2710078024,0.2606108457,0.2668846726,0.2637840010,0.0761658805,0.7812837116,0.0052027986
3.260000,-9.963259,104.773154,-9.279192,104.944565,0.2690629447,0.2619857030,0.2649780197,0.2650877304,0.0772363306,0.7795049760,0.0051292481
3.270000,-9.664785,104.876108,-8.990050,105.045250,0.2671307923,0.2633328838,0.2630863806,0.2663636456,0.0781883157,0.7776874813,0.0050539868
3.280000,-9.369408,104.977959,-8.704257,105.144770,0.2652123703,0.2646522848,0.2612107458,0.2676117072,0.0790235475,0.7758334943,0.0049770654
3.290000,-9.077240,105.078668,-8.421917,105.243088,0.2633086925,0.2659438301,0.2593520914,0.2688319017,0.0797438840,0.7739453356,0.0048985355
3.300000,-8.788387,105.178199,-8.143130,105.340168,0.2614207597,0.2672074708,0.2575113783,0.2700242406,0.0803513311,0.7720253761,0.0048184494
3.310000,-8.502956,105.276516,-7.867995,105.435977,0.2595495592,0.2684431842,0.2556895506,0.2711887595,0.0808480459,0.7700760344,0.0047368608
3.320000,-8.221048,105.373584,-7.596608,105.530480,0.2576960632,0.2696509729,0.2538875351,0.2723255179,0.0812363381,0.7680997735,0.0046538239
3.330000,-7.942765,105.469368,-7.329065,105.623645,0.2558612275,0.2708308643,0.2521062397,0.2734345977,0.0815186730,0.7660990973,0.0045693940
3.340000,-7.668205,105.563834,-7.065455,105.715440,0.2540459910,0.2719829094,0.2503465527,0.2745161026,0.0816976732,0.7640765479,0.0044836271
3.350000,-7.397465,105.656950,-6.805868,105.805834,0.2522512740,0.2731071826,0.2486093414,0.2755701574,0.0817761212,0.7620347020,0.0043965803
3.360000,-7.130638,105.748685,-6.550390,105.894797,0.2504779774,0.2742037800,0.2468954515,0.2765969068,0.0817569608,0.7599761677,0.0043083114
3.370000,-6.867815,105.839007,-6.299104,105.982301,0.2487269816,0.2752728194,0.2452057059,0.2775965148,0.0816432996,0.7579035810,0.0042188794
3.380000,-6.609083,105.927886,-6.052090,106.068317,0.2469991456,0.2763144388,0.2435409036,0.2785691637,0.0814384108,0.7558196029,0.0041283437
3.390000,-6.354529,106.015293,-5.809426,106.152819,0.2452953057,0.2773287958,0.2419018193,0.2795150532,0.0811457348,0.7537269157,0.0040367650
3.400000,-6.104235,106.101202,-5.571185,106.235779,0.2436162749,0.2783160666,0.2402892018,0.2804343994,0.0807688815,0.7516282200,0.0039442046
3.410000,-5.858281,106.185584,-5.337440,106.317175,0.2419628419,0.2792764450,0.2387037737,0.2813274341,0.0803116314,0.7495262310,0.0038507249
3.420000,-5.616742,106.268413,-5.108258,106.396982,0.2403357698,0.2802101416,0.2371462303,0.2821944037,0.0797779377,0.7474236756,0.0037563890
3.430000,-5.379693,106.349667,-4.883703,106.475177,0.2387357959,0.2811173831,0.2356172389,0.2830355683,0.0791719279,0.7453232891,0.0036612610
3.440000,-5.147203,106.429320,-4.663837,106.551739,0.2371636300,0.2819984108,0.2341174378,0.2838512011,0.0784979051,0.7432278117,0.0035654058
3.450000,-4.919341,106.507350,-4.448718,106.626649,0.2356199543,0.2828534803,0.2326474357,0.2846415873,0.0777603498,0.7411399856,0.0034688893
3.460000,-4.696168,106.583736,-4.238401,106.699886,0.2341054225,0.2836828602,0.2312078112,0.2854070231,0.0769639214,0.7390625517,0.0033717783
3.470000,-4.477746,106.658459,-4.032934,106.771434,0.2326206584,0.2844868314,0.2297991113,0.2861478152,0.0761134594,0.7369982466,0.0032741404
3.480000,-4.264132,106.731498,-3.832367,106.841277,0.2311662560,0.2852656861,0.2284218517,0.2868642798,0.0752139851,0.7349497996,0.0031760442
3.490000,-4.055378,106.802838,-3.636742,106.909398,0.2297427782,0.2860197271,0.2270765154,0.2875567419,0.0742707029,0.7329199294,0.0030775593
3.500000,-3.851534,106.872461,-3.446098,106.975785,0.2283507561,0.2867492670,0.2257635524,0.2882255344,0.0732890013,0.7309113420,0.0029787562
3.510000,-3.652646,106.940353,-3.260470,107.040425,0.2269906889,0.2874546272,0.2244833789,0.2888709974,0.0722744549,0.7289267267,0.0028797062
3.520000,-3.458755,107.006500,-3.079891,107.103307,0.2256630424,0.2881361370,0.2232363768,0.2894934778,0.0712328253,0.7269687546,0.0027804819
3.530000,-3.269900,107.070891,-2.904388,107.164421,0.2243682489,0.2887941334,0.2220228931,0.2900933281,0.0701700624,0.7250400748,0.0026811566
3.540000,-3.086115,107.133513,-2.733983,107.223760,0.2231067067,0.2894289598,0.2208432392,0.2906709061,0.0690923059,0.7231433129,0.0025818048
3.550000,-2.907429,107.194359,-2.568695,107.281317,0.2218787790,0.2900409657,0.2196976905,0.2912265746,0.0680058864,0.7212810676,0.0024825019
3.560000,-2.733868,107.253420,-2.408540,107.337087,0.2206847936,0.2906305057,0.2185864858,0.2917607000,0.0669173270,0.7194559088,0.0023833243
3.570000,-2.565454,107.310689,-2.253527,107.391066,0.2195250425,0.2911979393,0.2175098269,0.2922736528,0.0658333441,0.7176703753,0.0022843497
3.580000,-2.402205,107.366163,-2.103662,107.443252,0.2183997810,0.2917436299,0.2164678777,0.2927658064,0.0647608491,0.7159269725,0.0021856567
3.590000,-2.244132,107.419837,-1.958946,107.493646,0.2173092273,0.2922679448,0.2154607641,0.2932375369,0.0637069499,0.7142281704,0.0020873249
3.600000,-2.091245,107.471710,-1.819375,107.542248,0.2162535622,0.2927712539,0.2144885734,0.2936892231,0.0626789517,0.7125764017,0.0019894354
3.610000,-1.943546,107.521782,-1.684942,107.589061,0.2152329283,0.2932539304,0.2135513538,0.2941212456,0.0616843586,0.7109740598,0.0018920699
3.620000,-1.801037,107.570055,-1.555632,107.634089,0.2142474296,0.2937163492,0.2126491138,0.2945339869,0.0607308752,0.7094234972,0.0017953118
3.630000,-1.663710,107.616530,-1.431428,107.677340,0.2132971310,0.2941588876,0.2117818222,0.2949278311,0.0598264076,0.7079270240,0.0016992454
3.640000,-1.531555,107.661215,-1.312308,107.718821,0.2123820581,0.2945819243,0.2109494069,0.2953031638,0.0589790654,0.7064869061,0.0016039563
3.650000,-1.404558,107.704114,-1.198242,107.758541,0.2115021961,0.2949858395,0.2101517552,0.2956603719,0.0581971626,0.7051053642,0.0015095312
3.660000,-1.282699,107.745236,-1.089198,107.796513,0.2106574901,0.2953710147,0.2093887130,0.2959998437,0.0574892193,0.7037845725,0.0014160583
3.670000,-1.165951,107.784592,-0.985137,107.832749,0.2098478440,0.2957378326,0.2086600842,0.2963219688,0.0568639635,0.7025266573,0.0013236270
3.680000,-1.054285,107.822193,-0.886016,107.867265,0.2090731207,0.2960866768,0.2079656308,0.2966271382,0.0563303325,0.7013336965,0.0012323280
3.690000,-0.947666,107.858052,-0.791785,107.900079,0.2083331409,0.2964179321,0.2073050720,0.2969157443,0.0558974742,0.7002077183,0.0011422533
3.700000,-0.846053,107.892187,-0.702390,107.931208,0.2076276835,0.2967319844,0.2066780840,0.2971881814,0.0555747497,0.6991507009,0.0010534965
3.710000,-0.749399,107.924613,-0.617771,107.960675,0.2069564844,0.2970292207,0.2060842996,0.2974448456,0.0553717338,0.6981645717,0.0009661523
3.720000,-0.657653,107.955351,-0.537862,107.988501,0.2063192366,0.2973100296,0.2055233077,0.2976861353,0.0552982180,0.6972512066,0.0008803172
3.730000,-0.570758,107.984421,-0.462592,108.014712,0.2057155898,0.2975748010,0.2049946529,0.2979124515,0.0553642112,0.6964124303,0.0007960891
3.740000,-0.488651,108.011847,-0.391883,108.039334,0.2051451495,0.2978239270,0.2044978353,0.2981241981,0.0555799426,0.6956500156,0.0007135674
3.750000,-0.411265,108.037654,-0.325653,108.062397,0.2046074771,0.2980578017,0.2040323097,0.2983217826,0.0559558628,0.6949656833,0.0006328534
3.760000,-0.338524,108.061869,-0.263812,108.083931,0.2041020893,0.2982768218,0.2035974857,0.2985056162,0.0565026464,0.6943611026,0.0005540503
3.770000,-0.270350,108.084522,-0.206265,108.103970,0.2036284576,0.2984813870,0.2031927268,0.2986761147,0.0572311934,0.6938378910,0.0004772633
3.780000,-0.206656,108.105644,-0.152912,108.122549,0.2031860080,0.2986719006,0.2028173504,0.2988336992,0.0581526318,0.6933976147,0.0004026005
3.790000,-0.147351,108.125269,-0.103645,108.139705,0.2027741207,0.2988487701,0.2024706272,0.2989787964,0.0592783197,0.6930417887,0.0003301743
3.800000,-0.092336,108.143432,-0.058350,108.155478,0.2023921294,0.2990124073,0.2021517809,0.2991118392,0.0606198469,0.6927718777,0.0002601040
3.810000,-0.041507,108.160171,-0.016909,108.169909,0.2020393212,0.2991632295,0.2018599876,0.2992332681,0.0621890378,0.6925892965,0.0001925252
3.820000,0.005245,108.175526,0.020807,108.183042,0.2017149362,0.2993016602,0.2015943759,0.2993435313,0.0639979534,0.6924954108,0.0001276244
3.830000,0.048037,108.189539,0.054929,108.194925,0.2014181668,0.2994281291,0.2013540257,0.2994430857,0.0660588933,0.6924915378,0.0000658618
3.840000,0.086993,108.202255,0.085598,108.205604,0.2011481576,0.2995430738,0.2011379687,0.2995323980,0.0683843985,0.6925789471,0.0000147575
3.850000,0.122241,108.213720,0.112958,108.215131,0.2009040049,0.2996469400,0.2009451875,0.2996119451,0.0709872534,0.6927588620,0.0000540430
3.860000,0.153918,108.223984,0.137163,108.223560,0.2006847562,0.2997401825,0.2007746150,0.2996822154,0.0738804886,0.6930324600,0.0001069336
3.870000,0.182167,108.233097,0.158372,108.230946,0.2004894101,0.2998232661,0.2006251347,0.2997437093,0.0770773829,0.6934008743,0.0001573228
3.880000,0.207137,108.241115,0.176753,108.237346,0.2003169156,0.2998966666,0.2004955797,0.2997969406,0.0805914660,0.6938651946,0.0002046121
3.890000,0.228983,108.248091,0.192477,108.242822,0.2001661718,0.2999608712,0.2003847323,0.2998424368,0.0844365209,0.6944264687,0.0002485868
3.900000,0.247870,108.254086,0.205727,108.247436,0.2000360275,0.3000163800,0.2002913241,0.2998807406,0.0886265865,0.6950857032,0.0002890924
3.910000,0.263967,108.259160,0.216690,108.251253,0.1999252810,0.3000637068,0.2002140351,0.2999124105,0.0931759601,0.6958438650,0.0003259901
3.920000,0.277451,108.263376,0.225561,108.254342,0.1998326794,0.3001033797,0.2001514936,0.2999380215,0.0980991996,0.6967018825,0.0003591460
3.930000,0.288507,108.266801,0.232541,108.256773,0.1997569181,0.3001359424,0.2001022753,0.2999581666,0.1034111266,0.6976606468,0.0003884274
3.940000,0.297326,108.269503,0.237841,108.258619,0.1996966411,0.3001619549,0.2000649037,0.2999734571,0.1091268282,0.6987210129,0.0004137013
3.950000,0.304106,108.271552,0.241678,108.259955,0.1996504396,0.3001819944,0.2000378487,0.2999845233,0.1152616604,0.6998838006,0.0004348340
3.960000,0.309053,108.273023,0.244277,108.260860,0.1996168524,0.3001966565,0.2000195269,0.2999920159,0.1218312496,0.7011497959,0.0004516907
3.970000,0.312382,108.273992,0.245869,108.261414,0.1995943649,0.3002065554,0.2000083007,0.2999966062,0.1288514961,0.7025197519,0.0004641353
3.980000,0.314312,108.274537,0.246695,108.261702,0.1995814091,0.3002123254,0.2000024782,0.2999989868,0.1363385757,0.7039943895,0.0004720302
3.990000,0.315074,108.274740,0.247002,108.261809,0.1995763628,0.3002146211,0.2000003121,0.2999998724,0.1443089426,0.7055743985,0.0004752368
4.000000,0.314902,108.274685,0.247046,108.261824,0.1995775495,0.3002141184,0.2000000000,0.3000000000,0.1527793318,0.7072604380,0.0004736149
